date,temp_mean,temp_max,temp_min,precipitation,is_filled,temp_change,is_outlier
2020-01-01,-1.3,4.8,-5.8,0.0,False,,False
2020-01-02,1.4,7.2,-2.4,0.0,False,2.7,False
2020-01-03,2.6,8.7,-1.3,0.0,False,1.2000000000000002,False
2020-01-04,1.8,7.7,-1.7,0.0,False,-0.8,False
2020-01-05,2.5,9.9,-4.2,0.0,False,0.7,False
2020-01-06,5.2,8.8,0.5,9.1,False,2.7,False
2020-01-07,13.0,16.4,9.0,33.2,False,7.8,True
2020-01-08,7.1,12.7,2.9,1.8,False,-5.9,False
2020-01-09,3.3,7.7,-0.3,0.0,False,-3.8,False
2020-01-10,1.5,8.4,-4.3,0.0,False,-1.7999999999999998,False
2020-01-11,2.6,8.4,-1.4,0.0,False,1.1,False
2020-01-12,2.5,6.2,-0.5,0.0,False,-0.10000000000000009,False
2020-01-13,0.5,4.8,-2.7,0.0,False,-2.0,False
2020-01-14,0.0,4.0,-2.5,0.0,False,-0.5,False
2020-01-15,-0.5,4.8,-3.7,0.0,False,-0.5,False
2020-01-16,0.2,6.6,-3.9,0.0,False,0.7,False
2020-01-17,2.4,8.2,-1.2,0.0,False,2.1999999999999997,False
2020-01-18,2.8,7.8,0.7,3.2,False,0.3999999999999999,False
2020-01-19,1.6,8.0,-2.9,0.0,False,-1.1999999999999997,False
2020-01-20,1.7,7.5,-3.4,0.0,False,0.09999999999999987,False
2020-01-21,0.9,7.1,-4.5,0.0,False,-0.7999999999999999,False
2020-01-22,4.6,9.9,-0.5,6.9,False,3.6999999999999997,False
2020-01-23,7.4,9.2,4.8,8.6,False,2.8000000000000007,False
2020-01-24,6.5,12.1,0.7,0.0,False,-0.9000000000000004,False
2020-01-25,7.9,9.6,5.9,0.0,False,1.4000000000000004,False
2020-01-26,7.5,11.2,3.7,0.0,False,-0.40000000000000036,False
2020-01-27,7.1,8.6,2.7,64.3,False,-0.40000000000000036,False
2020-01-28,7.0,10.6,5.0,1.5,False,-0.09999999999999964,False
2020-01-29,6.3,11.2,3.0,0.5,False,-0.7000000000000002,False
2020-01-30,5.1,10.0,1.8,0.2,False,-1.2000000000000002,False
2020-01-31,3.6,8.8,-0.1,0.0,False,-1.4999999999999996,False
2020-02-01,2.2,8.8,-2.9,0.0,False,-1.4,False
2020-02-02,2.9,9.1,-2.6,0.0,False,0.6999999999999997,False
2020-02-03,2.0,6.9,-1.4,0.0,False,-0.8999999999999999,False
2020-02-04,1.2,7.4,-3.6,0.0,False,-0.8,False
2020-02-05,-1.3,1.7,-4.9,0.0,False,-2.5,False
2020-02-06,-1.9,4.1,-7.5,0.0,False,-0.5999999999999999,False
2020-02-07,1.8,8.3,-3.4,0.0,False,3.7,False
2020-02-08,1.6,6.7,-1.9,0.0,False,-0.19999999999999996,False
2020-02-09,0.7,6.8,-4.8,0.0,False,-0.9000000000000001,False
2020-02-10,2.5,9.8,-3.2,0.0,False,1.8,False
2020-02-11,5.3,12.3,-2.7,0.3,False,2.8,False
2020-02-12,9.9,13.1,6.9,41.7,False,4.6000000000000005,False
2020-02-13,9.0,15.1,4.6,0.0,False,-0.9000000000000004,False
2020-02-14,8.7,15.8,3.9,0.0,False,-0.3000000000000007,False
2020-02-15,10.8,14.3,7.2,0.1,False,2.1000000000000014,False
2020-02-16,6.3,12.5,-1.0,9.0,False,-4.500000000000001,False
2020-02-17,-0.6,2.4,-3.3,0.2,False,-6.8999999999999995,True
2020-02-18,-1.2,4.8,-5.9,0.0,False,-0.6,False
2020-02-19,2.8,10.3,-4.1,0.0,False,4.0,False
2020-02-20,5.1,12.4,-0.5,0.0,False,2.3,False
2020-02-21,7.6,13.1,1.9,3.6,False,2.5,False
2020-02-22,8.3,11.7,3.4,2.8,False,0.7000000000000011,False
2020-02-23,3.6,9.4,-1.6,0.0,False,-4.700000000000001,False
2020-02-24,5.8,12.5,-1.7,0.0,False,2.1999999999999997,False
2020-02-25,9.3,11.9,7.2,49.3,False,3.500000000000001,False
2020-02-26,9.0,12.6,6.7,2.0,False,-0.3000000000000007,False
2020-02-27,5.4,7.5,3.4,1.9,False,-3.5999999999999996,False
2020-02-28,5.1,8.3,2.5,2.3,False,-0.3000000000000007,False
2020-02-29,6.7,12.7,2.2,0.0,False,1.6000000000000005,False
2020-03-01,7.7,12.8,3.2,0.0,False,1.0,False
2020-03-02,6.6,10.6,2.2,0.1,False,-1.1000000000000005,False
2020-03-03,7.2,11.1,3.8,0.0,False,0.6000000000000005,False
2020-03-04,5.8,10.7,0.9,0.0,False,-1.4000000000000004,False
2020-03-05,2.5,9.2,-2.2,0.0,False,-3.3,False
2020-03-06,4.1,10.6,-2.7,0.0,False,1.5999999999999996,False
2020-03-07,6.2,9.9,2.3,3.0,False,2.1000000000000005,False
2020-03-08,7.5,13.9,2.0,0.0,False,1.2999999999999998,False
2020-03-09,9.3,13.8,4.1,7.8,False,1.8000000000000007,False
2020-03-10,9.5,12.6,6.2,14.4,False,0.1999999999999993,False
2020-03-11,5.3,10.5,0.5,0.0,False,-4.2,False
2020-03-12,5.6,12.5,-1.6,0.0,False,0.2999999999999998,False
2020-03-13,8.5,14.4,3.1,0.0,False,2.9000000000000004,False
2020-03-14,5.3,9.6,0.3,0.0,False,-3.2,False
2020-03-15,5.3,11.0,0.5,0.1,False,0.0,False
2020-03-16,4.3,10.0,-1.9,0.0,False,-1.0,False
2020-03-17,8.0,13.4,1.3,0.0,False,3.7,False
2020-03-18,8.5,15.4,1.7,0.0,False,0.5,False
2020-03-19,11.3,17.5,5.6,0.0,False,2.8000000000000007,False
2020-03-20,8.0,13.5,2.4,0.0,False,-3.3000000000000007,False
2020-03-21,11.8,17.8,6.1,0.0,False,3.8000000000000007,False
2020-03-22,12.8,17.9,8.9,0.0,False,1.0,False
2020-03-23,10.9,17.0,3.9,0.0,False,-1.9000000000000004,False
2020-03-24,9.9,13.9,5.8,0.0,False,-1.0,False
2020-03-25,11.2,16.1,6.7,0.0,False,1.299999999999999,False
2020-03-26,13.4,15.7,10.2,15.1,False,2.200000000000001,False
2020-03-27,14.6,19.4,9.5,17.9,False,1.1999999999999993,False
2020-03-28,8.8,11.1,6.7,0.1,False,-5.799999999999999,False
2020-03-29,8.3,12.0,4.3,0.0,False,-0.5,False
2020-03-30,9.9,14.3,6.6,0.0,False,1.5999999999999996,False
2020-03-31,10.4,16.2,4.9,0.0,False,0.5,False
2020-04-01,11.0,16.2,9.0,6.8,False,0.5999999999999996,False
2020-04-02,9.3,14.4,3.3,0.1,False,-1.6999999999999993,False
2020-04-03,11.0,18.0,5.6,0.0,False,1.6999999999999993,False
2020-04-04,10.7,19.7,3.7,0.0,False,-0.3000000000000007,False
2020-04-05,7.9,12.9,2.8,0.0,False,-2.799999999999999,False
2020-04-06,8.6,14.6,1.4,0.0,False,0.6999999999999993,False
2020-04-07,12.0,19.8,5.8,0.0,False,3.4000000000000004,False
2020-04-08,11.6,18.3,6.4,0.0,False,-0.40000000000000036,False
2020-04-09,9.9,17.0,3.4,0.0,False,-1.6999999999999993,False
2020-04-10,9.2,11.2,7.8,0.0,False,-0.7000000000000011,False
2020-04-11,9.2,12.7,5.8,4.7,False,0.0,False
2020-04-12,8.6,10.5,7.3,10.6,False,-0.5999999999999996,False
2020-04-13,8.6,14.5,5.5,0.1,False,0.0,False
2020-04-14,11.1,20.5,2.0,0.0,False,2.5,False
2020-04-15,11.6,17.7,6.2,0.0,False,0.5,False
2020-04-16,11.5,15.5,8.3,0.0,False,-0.09999999999999964,False
2020-04-17,11.9,13.4,10.3,40.1,False,0.40000000000000036,False
2020-04-18,12.5,20.3,8.2,0.0,False,0.5999999999999996,False
2020-04-19,11.0,12.8,9.2,23.6,False,-1.5,False
2020-04-20,13.1,17.7,8.1,0.5,False,2.0999999999999996,False
2020-04-21,11.0,16.7,7.1,0.0,False,-2.0999999999999996,False
2020-04-22,8.1,14.1,3.7,0.0,False,-2.9000000000000004,False
2020-04-23,8.3,16.4,2.7,0.0,False,0.20000000000000107,False
2020-04-24,9.0,13.6,2.6,0.9,False,0.6999999999999993,False
2020-04-25,13.4,18.2,8.3,0.0,False,4.4,False
2020-04-26,12.6,18.9,7.4,0.0,False,-0.8000000000000007,False
2020-04-27,11.9,17.9,5.7,0.3,False,-0.6999999999999993,False
2020-04-28,12.2,19.0,5.2,0.0,False,0.29999999999999893,False
2020-04-29,14.1,22.5,7.0,0.0,False,1.9000000000000004,False
2020-04-30,15.4,20.3,9.3,0.0,False,1.3000000000000007,False
2020-05-01,18.4,23.2,14.7,0.0,False,2.9999999999999982,False
2020-05-02,18.2,23.7,14.6,0.0,False,-0.1999999999999993,False
2020-05-03,16.5,17.2,15.8,16.7,False,-1.6999999999999993,False
2020-05-04,19.8,26.8,15.1,0.5,False,3.3000000000000007,False
2020-05-05,15.4,19.4,13.1,0.2,False,-4.4,False
2020-05-06,16.5,22.0,12.6,1.6,False,1.0999999999999996,False
2020-05-07,14.4,18.2,11.4,0.0,False,-2.0999999999999996,False
2020-05-08,16.0,20.6,10.9,0.0,False,1.5999999999999996,False
2020-05-09,16.5,18.5,14.8,41.5,False,0.5,False
2020-05-10,17.3,21.6,13.1,0.0,False,0.8000000000000007,False
2020-05-11,18.9,26.4,12.2,0.0,False,1.5999999999999979,False
2020-05-12,17.5,21.2,14.5,0.0,False,-1.3999999999999986,False
2020-05-13,15.9,21.6,10.1,0.0,False,-1.5999999999999996,False
2020-05-14,17.1,22.6,11.2,0.0,False,1.200000000000001,False
2020-05-15,15.9,17.4,15.1,21.5,False,-1.200000000000001,False
2020-05-16,18.4,23.6,15.7,2.9,False,2.4999999999999982,False
2020-05-17,17.9,21.3,15.4,0.0,False,-0.5,False
2020-05-18,17.4,18.7,15.8,1.5,False,-0.5,False
2020-05-19,15.5,18.3,12.3,5.5,False,-1.8999999999999986,False
2020-05-20,14.0,19.4,9.8,0.0,False,-1.5,False
2020-05-21,14.1,17.5,11.6,0.0,False,0.09999999999999964,False
2020-05-22,14.3,17.4,10.9,0.0,False,0.20000000000000107,False
2020-05-23,16.1,21.0,11.3,0.0,False,1.8000000000000007,False
2020-05-24,18.0,23.4,11.6,0.0,False,1.8999999999999986,False
2020-05-25,18.9,23.1,15.0,0.0,False,0.8999999999999986,False
2020-05-26,18.4,22.5,15.3,0.1,False,-0.5,False
2020-05-27,18.3,24.0,14.8,0.0,False,-0.09999999999999787,False
2020-05-28,18.7,24.7,13.0,0.0,False,0.3999999999999986,False
2020-05-29,18.9,24.6,13.6,0.0,False,0.1999999999999993,False
2020-05-30,18.9,23.6,14.4,0.0,False,0.0,False
2020-05-31,18.7,21.9,15.9,1.8,False,-0.1999999999999993,False
2020-06-01,21.7,26.7,17.4,0.1,False,3.0,False
2020-06-02,19.9,25.9,13.8,0.0,False,-1.8000000000000007,False
2020-06-03,20.8,25.2,17.7,0.1,False,0.9000000000000021,False
2020-06-04,23.3,29.3,19.4,0.0,False,2.5,False
2020-06-05,22.0,27.2,18.3,0.0,False,-1.3000000000000007,False
2020-06-06,20.5,25.5,17.8,0.0,False,-1.5,False
2020-06-07,21.3,26.1,17.2,0.0,False,0.8000000000000007,False
2020-06-08,22.6,28.3,15.2,0.0,False,1.3000000000000007,False
2020-06-09,24.0,30.0,16.7,0.0,False,1.3999999999999986,False
2020-06-10,24.4,28.3,20.7,0.2,False,0.3999999999999986,False
2020-06-11,23.2,25.6,21.1,6.7,False,-1.1999999999999993,False
2020-06-12,23.2,26.7,21.6,3.0,False,0.0,False
2020-06-13,22.3,24.3,21.4,126.7,False,-0.8999999999999986,False
2020-06-14,23.5,25.9,21.8,34.8,False,1.1999999999999993,False
2020-06-15,22.6,27.4,17.6,0.0,False,-0.8999999999999986,False
2020-06-16,22.3,28.3,18.9,0.0,False,-0.3000000000000007,False
2020-06-17,20.8,24.8,17.1,0.0,False,-1.5,False
2020-06-18,18.7,20.0,17.6,31.8,False,-2.1000000000000014,False
2020-06-19,21.1,25.8,17.9,2.3,False,2.400000000000002,False
2020-06-20,20.4,23.6,18.3,0.0,False,-0.7000000000000028,False
2020-06-21,19.9,23.7,16.5,0.0,False,-0.5,False
2020-06-22,21.1,25.7,15.5,0.0,False,1.2000000000000028,False
2020-06-23,22.3,26.9,17.2,0.0,False,1.1999999999999993,False
2020-06-24,21.7,24.8,19.4,28.8,False,-0.6000000000000014,False
2020-06-25,22.2,23.6,21.1,29.7,False,0.5,False
2020-06-26,23.4,28.6,19.6,0.0,False,1.1999999999999993,False
2020-06-27,23.1,28.5,18.8,0.0,False,-0.29999999999999716,False
2020-06-28,24.1,29.3,20.1,1.5,False,1.0,False
2020-06-29,21.7,24.5,19.8,50.5,False,-2.400000000000002,False
2020-06-30,22.7,26.5,20.3,33.3,False,1.0,False
2020-07-01,20.9,24.6,18.1,1.8,False,-1.8000000000000007,False
2020-07-02,21.6,25.3,18.2,0.0,False,0.7000000000000028,False
2020-07-03,20.0,21.2,19.1,18.3,False,-1.6000000000000014,False
2020-07-04,20.6,23.9,18.3,4.7,False,0.6000000000000014,False
2020-07-05,21.1,24.0,18.5,0.5,False,0.5,False
2020-07-06,22.4,25.8,20.5,4.0,False,1.2999999999999972,False
2020-07-07,22.8,26.3,21.2,0.6,False,0.40000000000000213,False
2020-07-08,23.6,27.2,20.5,1.1,False,0.8000000000000007,False
2020-07-09,22.8,25.7,21.2,7.0,False,-0.8000000000000007,False
2020-07-10,22.8,25.3,21.7,63.3,False,0.0,False
2020-07-11,22.9,25.9,20.7,1.6,False,0.09999999999999787,False
2020-07-12,20.3,21.5,19.3,44.8,False,-2.599999999999998,False
2020-07-13,20.0,22.8,18.8,97.3,False,-0.3000000000000007,False
2020-07-14,20.1,22.6,19.0,3.9,False,0.10000000000000142,False
2020-07-15,19.1,20.3,18.5,5.2,False,-1.0,False
2020-07-16,20.3,23.5,17.4,0.1,False,1.1999999999999993,False
2020-07-17,20.6,25.1,16.9,0.0,False,0.3000000000000007,False
2020-07-18,20.5,23.6,16.9,2.9,False,-0.10000000000000142,False
2020-07-19,22.9,24.9,20.1,6.0,False,2.3999999999999986,False
2020-07-20,25.0,26.6,23.5,7.6,False,2.1000000000000014,False
2020-07-21,25.0,28.5,22.3,20.7,False,0.0,False
2020-07-22,22.8,23.9,21.9,47.0,False,-2.1999999999999993,False
2020-07-23,22.1,23.5,21.4,103.1,False,-0.6999999999999993,False
2020-07-24,22.6,24.5,20.6,8.8,False,0.5,False
2020-07-25,22.2,24.9,20.6,6.1,False,-0.40000000000000213,False
2020-07-26,23.3,26.6,20.4,0.0,False,1.1000000000000014,False
2020-07-27,22.3,23.2,21.0,63.6,False,-1.0,False
2020-07-28,23.2,24.6,21.6,35.1,False,0.8999999999999986,False
2020-07-29,24.0,26.3,22.2,10.7,False,0.8000000000000007,False
2020-07-30,24.8,28.2,22.7,14.7,False,0.8000000000000007,False
2020-07-31,25.7,29.8,22.5,0.8,False,0.8999999999999986,False
2020-08-01,26.2,29.0,24.4,2.3,False,0.5,False
2020-08-02,26.3,28.7,24.7,2.8,False,0.10000000000000142,False
2020-08-03,26.5,29.0,24.9,3.2,False,0.1999999999999993,False
2020-08-04,26.3,28.7,24.4,1.3,False,-0.1999999999999993,False
2020-08-05,26.3,28.8,24.2,1.1,False,0.0,False
2020-08-06,26.0,27.6,24.5,24.4,False,-0.3000000000000007,False
2020-08-07,25.2,27.3,23.8,35.1,False,-0.8000000000000007,False
2020-08-08,25.4,27.1,23.8,44.6,False,0.1999999999999993,False
2020-08-09,26.4,28.7,24.6,18.1,False,1.0,False
2020-08-10,26.3,28.5,25.2,19.8,False,-0.09999999999999787,False
2020-08-11,26.2,28.9,24.7,17.5,False,-0.10000000000000142,False
2020-08-12,26.3,28.0,24.6,5.6,False,0.10000000000000142,False
2020-08-13,27.3,30.6,24.8,0.2,False,1.0,False
2020-08-14,27.6,30.8,26.0,1.0,False,0.3000000000000007,False
2020-08-15,27.9,31.3,25.3,0.0,False,0.29999999999999716,False
2020-08-16,27.6,31.0,24.6,0.0,False,-0.29999999999999716,False
2020-08-17,28.1,34.0,24.4,0.0,False,0.5,False
2020-08-18,28.2,32.4,23.9,0.0,False,0.09999999999999787,False
2020-08-19,28.4,33.5,24.9,0.0,False,0.1999999999999993,False
2020-08-20,28.6,33.8,24.9,0.0,False,0.20000000000000284,False
2020-08-21,26.4,31.1,23.4,0.0,False,-2.200000000000003,False
2020-08-22,25.5,28.8,23.0,0.0,False,-0.8999999999999986,False
2020-08-23,26.0,29.2,23.1,4.2,False,0.5,False
2020-08-24,26.8,30.6,23.0,1.0,False,0.8000000000000007,False
2020-08-25,28.0,31.9,24.1,0.0,False,1.1999999999999993,False
2020-08-26,27.6,29.6,25.5,20.6,False,-0.3999999999999986,False
2020-08-27,26.1,27.3,25.5,22.1,False,-1.5,False
2020-08-28,26.3,28.5,25.0,11.7,False,0.1999999999999993,False
2020-08-29,26.9,29.9,24.7,2.8,False,0.5999999999999979,False
2020-08-30,27.1,31.2,24.4,3.9,False,0.20000000000000284,False
2020-08-31,25.3,28.2,23.4,0.0,False,-1.8000000000000007,False
2020-09-01,25.6,28.7,23.3,0.5,False,0.3000000000000007,False
2020-09-02,26.4,28.5,24.7,12.5,False,0.7999999999999972,False
2020-09-03,25.5,28.0,22.8,47.1,False,-0.8999999999999986,False
2020-09-04,23.3,27.3,19.5,0.0,False,-2.1999999999999993,False
2020-09-05,19.9,22.1,16.7,37.5,False,-3.400000000000002,False
2020-09-06,20.0,21.7,17.7,25.6,False,0.10000000000000142,False
2020-09-07,22.5,25.1,20.6,81.4,False,2.5,False
2020-09-08,23.9,26.5,21.7,1.0,False,1.3999999999999986,False
2020-09-09,23.2,25.9,21.5,2.4,False,-0.6999999999999993,False
2020-09-10,22.4,25.1,19.4,3.0,False,-0.8000000000000007,False
2020-09-11,22.0,24.4,20.1,5.6,False,-0.3999999999999986,False
2020-09-12,21.5,25.0,19.1,9.3,False,-0.5,False
2020-09-13,19.8,22.6,17.8,0.5,False,-1.6999999999999993,False
2020-09-14,21.1,25.5,17.5,0.0,False,1.3000000000000007,False
2020-09-15,21.8,25.3,18.6,0.9,False,0.6999999999999993,False
2020-09-16,21.8,23.0,20.2,3.9,False,0.0,False
2020-09-17,20.7,23.1,18.6,12.3,False,-1.1000000000000014,False
2020-09-18,19.1,21.0,17.8,6.6,False,-1.5999999999999979,False
2020-09-19,19.1,24.4,13.5,0.0,False,0.0,False
2020-09-20,18.9,24.4,14.0,0.0,False,-0.20000000000000284,False
2020-09-21,17.7,22.4,12.4,0.0,False,-1.1999999999999993,False
2020-09-22,18.4,20.7,16.8,0.0,False,0.6999999999999993,False
2020-09-23,19.2,22.1,16.8,0.1,False,0.8000000000000007,False
2020-09-24,19.7,23.1,18.2,0.2,False,0.5,False
2020-09-25,19.7,23.8,16.7,0.3,False,0.0,False
2020-09-26,18.8,23.1,15.2,0.0,False,-0.8999999999999986,False
2020-09-27,18.2,21.7,15.3,0.3,False,-0.6000000000000014,False
2020-09-28,17.5,22.0,13.5,0.0,False,-0.6999999999999993,False
2020-09-29,17.9,23.7,13.0,0.0,False,0.3999999999999986,False
2020-09-30,18.5,23.1,14.7,0.2,False,0.6000000000000014,False
2020-10-01,18.0,23.2,13.3,0.0,False,-0.5,False
2020-10-02,19.0,23.9,14.1,0.0,False,1.0,False
2020-10-03,20.4,25.0,17.2,0.1,False,1.3999999999999986,False
2020-10-04,20.4,24.2,18.1,2.1,False,0.0,False
2020-10-05,15.2,19.0,10.6,0.0,False,-5.199999999999999,False
2020-10-06,15.5,21.2,10.3,0.0,False,0.3000000000000007,False
2020-10-07,16.9,20.7,12.9,0.1,False,1.3999999999999986,False
2020-10-08,18.1,20.4,16.5,0.0,False,1.2000000000000028,False
2020-10-09,18.0,20.3,16.0,0.0,False,-0.10000000000000142,False
2020-10-10,18.1,21.6,15.0,0.0,False,0.10000000000000142,False
2020-10-11,16.5,21.0,12.5,0.0,False,-1.6000000000000014,False
2020-10-12,16.9,22.6,11.5,0.0,False,0.3999999999999986,False
2020-10-13,16.2,22.0,12.6,0.0,False,-0.6999999999999993,False
2020-10-14,14.5,20.6,9.1,0.0,False,-1.6999999999999993,False
2020-10-15,14.5,20.2,9.0,0.0,False,0.0,False
2020-10-16,14.9,17.8,12.6,1.0,False,0.40000000000000036,False
2020-10-17,14.9,20.5,9.7,0.0,False,0.0,False
2020-10-18,14.5,20.7,9.6,0.0,False,-0.40000000000000036,False
2020-10-19,14.6,20.8,8.5,0.0,False,0.09999999999999964,False
2020-10-20,15.1,20.8,10.4,0.0,False,0.5,False
2020-10-21,15.7,20.8,11.4,10.0,False,0.5999999999999996,False
2020-10-22,15.3,18.1,12.9,14.5,False,-0.3999999999999986,False
2020-10-23,10.9,15.1,7.8,0.0,False,-4.4,False
2020-10-24,9.5,15.5,5.2,0.0,False,-1.4000000000000004,False
2020-10-25,11.6,18.1,5.5,0.0,False,2.0999999999999996,False
2020-10-26,11.8,19.0,5.3,0.0,False,0.20000000000000107,False
2020-10-27,13.3,20.1,7.3,0.0,False,1.5,False
2020-10-28,13.9,20.1,10.4,0.0,False,0.5999999999999996,False
2020-10-29,12.6,18.6,5.0,0.0,False,-1.3000000000000007,False
2020-10-30,12.7,17.3,8.9,0.0,False,0.09999999999999964,False
2020-10-31,12.5,17.0,8.9,0.0,False,-0.1999999999999993,False
2020-11-01,12.7,17.9,8.4,0.3,False,0.1999999999999993,False
2020-11-02,13.1,17.1,8.8,7.2,False,0.40000000000000036,False
2020-11-03,7.2,10.1,3.8,0.0,False,-5.8999999999999995,False
2020-11-04,5.6,11.3,1.7,0.0,False,-1.6000000000000005,False
2020-11-05,7.6,14.3,0.4,0.0,False,2.0,False
2020-11-06,12.2,16.8,7.2,0.1,False,4.6,False
2020-11-07,14.6,20.2,10.0,0.0,False,2.4000000000000004,False
2020-11-08,10.7,17.4,5.5,0.0,False,-3.9000000000000004,False
2020-11-09,6.6,11.7,2.3,0.0,False,-4.1,False
2020-11-10,7.9,14.1,3.3,0.0,False,1.3000000000000007,False
2020-11-11,8.2,15.3,1.3,0.0,False,0.29999999999999893,False
2020-11-12,10.3,17.2,5.2,0.0,False,2.1000000000000014,False
2020-11-13,10.8,19.4,3.7,0.0,False,0.5,False
2020-11-14,12.7,17.9,7.7,0.0,False,1.8999999999999986,False
2020-11-15,12.8,17.7,8.8,0.0,False,0.10000000000000142,False
2020-11-16,12.5,20.0,5.9,0.0,False,-0.3000000000000007,False
2020-11-17,15.9,20.1,13.1,0.3,False,3.4000000000000004,False
2020-11-18,17.4,21.4,13.5,1.9,False,1.4999999999999982,False
2020-11-19,18.8,20.5,15.8,29.4,False,1.4000000000000021,False
2020-11-20,10.7,14.3,5.2,0.0,False,-8.100000000000001,True
2020-11-21,8.5,13.3,3.9,0.0,False,-2.1999999999999993,False
2020-11-22,9.1,10.8,7.0,2.1,False,0.5999999999999996,False
2020-11-23,5.9,10.6,1.7,0.0,False,-3.1999999999999993,False
2020-11-24,6.0,12.6,0.9,0.0,False,0.09999999999999964,False
2020-11-25,6.6,12.6,2.3,0.0,False,0.5999999999999996,False
2020-11-26,7.7,13.4,4.1,0.0,False,1.1000000000000005,False
2020-11-27,7.9,12.1,4.3,0.0,False,0.20000000000000018,False
2020-11-28,2.8,6.8,0.1,0.0,False,-5.1000000000000005,False
2020-11-29,2.7,7.7,-0.7,0.0,False,-0.09999999999999964,False
2020-11-30,2.6,7.4,-1.1,0.0,False,-0.10000000000000009,False
2020-12-01,3.2,10.2,-3.4,0.0,False,0.6000000000000001,False
2020-12-02,4.9,10.0,1.3,0.0,False,1.7000000000000002,False
2020-12-03,3.7,8.6,0.4,0.0,False,-1.2000000000000002,False
2020-12-04,1.9,7.8,-3.3,0.0,False,-1.8000000000000003,False
2020-12-05,2.1,8.2,-2.4,0.0,False,0.20000000000000018,False
2020-12-06,3.3,9.7,-0.9,0.0,False,1.1999999999999997,False
2020-12-07,3.9,9.9,-1.0,0.0,False,0.6000000000000001,False
2020-12-08,2.0,6.6,-1.6,0.0,False,-1.9,False
2020-12-09,1.7,9.4,-4.7,0.0,False,-0.30000000000000004,False
2020-12-10,2.9,8.4,-2.1,0.0,False,1.2,False
2020-12-11,5.0,10.7,-0.2,0.0,False,2.1,False
2020-12-12,4.1,8.7,0.1,0.0,False,-0.9000000000000004,False
2020-12-13,3.8,10.0,-2.0,0.0,False,-0.2999999999999998,False
2020-12-14,-2.6,0.1,-5.0,0.0,False,-6.4,True
2020-12-15,-4.6,-1.2,-7.4,0.0,False,-1.9999999999999996,False
2020-12-16,-3.7,0.2,-6.3,0.0,False,0.8999999999999995,False
2020-12-17,-2.4,3.1,-6.4,0.0,False,1.3000000000000003,False
2020-12-18,-0.1,6.3,-4.0,0.0,False,2.3,False
2020-12-19,-1.6,2.3,-4.9,0.0,False,-1.5,False
2020-12-20,-0.5,4.7,-3.3,0.0,False,1.1,False
2020-12-21,0.1,5.7,-4.1,0.0,False,0.6,False
2020-12-22,0.6,7.4,-4.5,0.0,False,0.5,False
2020-12-23,1.5,7.2,-4.1,0.0,False,0.9,False
2020-12-24,4.3,11.1,0.0,0.0,False,2.8,False
2020-12-25,0.4,5.3,-3.7,0.0,False,-3.9,False
2020-12-26,0.8,7.7,-5.1,0.0,False,0.4,False
2020-12-27,3.9,9.8,-0.9,2.3,False,3.0999999999999996,False
2020-12-28,5.2,12.5,-0.6,0.1,False,1.3000000000000003,False
2020-12-29,5.3,12.8,0.3,5.5,False,0.09999999999999964,False
2020-12-30,-3.9,1.5,-7.4,3.4,False,-9.2,True
2020-12-31,-5.2,0.0,-9.9,0.0,False,-1.3000000000000003,False
2021-01-01,-1.9,2.6,-6.2,0.0,False,3.3000000000000003,False
2021-01-02,-1.3,3.2,-4.4,0.0,False,0.5999999999999999,False
2021-01-03,-1.6,2.8,-4.8,0.0,False,-0.30000000000000004,False
2021-01-04,-0.2,5.9,-4.4,0.0,False,1.4000000000000001,False
2021-01-05,-0.4,4.7,-3.9,0.0,False,-0.2,False
2021-01-06,-3.6,1.3,-7.1,0.0,False,-3.2,False
2021-01-07,-6.3,-1.4,-10.7,0.0,False,-2.6999999999999997,False
2021-01-08,-9.1,-5.1,-13.2,0.0,False,-2.8,False
2021-01-09,-7.1,-1.0,-11.5,0.0,False,2.0,False
2021-01-10,-4.4,1.7,-7.9,0.0,False,2.6999999999999993,False
2021-01-11,-2.1,2.8,-6.5,0.7,False,2.3000000000000003,False
2021-01-12,-1.6,4.1,-6.2,0.0,False,0.5,False
2021-01-13,3.4,9.9,-3.0,0.0,False,5.0,False
2021-01-14,3.9,11.5,-2.6,0.0,False,0.5,False
2021-01-15,9.6,14.1,3.2,0.0,False,5.699999999999999,False
2021-01-16,2.7,8.4,-1.8,0.0,False,-6.8999999999999995,True
2021-01-17,-2.5,1.5,-5.5,0.0,False,-5.2,False
2021-01-18,-0.5,5.6,-5.2,0.2,False,2.0,False
2021-01-19,-2.3,3.7,-7.4,0.0,False,-1.7999999999999998,False
2021-01-20,0.8,8.3,-5.1,0.0,False,3.0999999999999996,False
2021-01-21,4.3,11.7,-2.2,1.5,False,3.5,False
2021-01-22,7.8,11.0,5.1,8.1,False,3.5,False
2021-01-23,9.5,11.2,8.5,4.1,False,1.7000000000000002,False
2021-01-24,8.0,10.2,6.1,0.1,False,-1.5,False
2021-01-25,7.1,10.3,4.1,0.0,False,-0.9000000000000004,False
2021-01-26,6.5,7.9,4.4,16.2,False,-0.5999999999999996,False
2021-01-27,4.8,9.8,0.1,0.0,False,-1.7000000000000002,False
2021-01-28,2.6,10.1,-3.9,0.0,False,-2.1999999999999997,False
2021-01-29,-4.3,-0.3,-7.7,0.0,False,-6.9,True
2021-01-30,0.0,7.7,-6.4,0.0,False,4.3,False
2021-01-31,3.5,9.4,-4.0,0.0,False,3.5,False
2021-02-01,9.2,10.5,7.2,17.8,False,5.699999999999999,False
2021-02-02,0.5,6.8,-4.0,0.0,False,-8.7,True
2021-02-03,-1.5,3.3,-5.3,0.0,False,-2.0,False
2021-02-04,1.8,6.4,-2.7,0.6,False,3.3,False
2021-02-05,1.5,7.5,-3.9,0.0,False,-0.30000000000000004,False
2021-02-06,5.1,11.7,-2.3,0.0,False,3.5999999999999996,False
2021-02-07,6.3,13.0,1.2,0.0,False,1.2000000000000002,False
2021-02-08,0.7,5.0,-3.6,0.0,False,-5.6,False
2021-02-09,0.1,6.9,-4.9,0.0,False,-0.6,False
2021-02-10,2.5,10.6,-3.3,0.0,False,2.4,False
2021-02-11,4.5,10.9,-2.1,0.0,False,2.0,False
2021-02-12,7.0,14.0,1.1,0.0,False,2.5,False
2021-02-13,8.4,16.8,1.2,0.0,False,1.4000000000000004,False
2021-02-14,9.9,14.5,5.9,13.6,False,1.5,False
2021-02-15,6.8,11.9,-0.4,4.3,False,-3.1000000000000005,False
2021-02-16,0.8,7.2,-4.0,0.0,False,-6.0,False
2021-02-17,-3.9,-0.5,-6.1,0.0,False,-4.7,False
2021-02-18,-4.1,0.8,-7.9,0.0,False,-0.19999999999999973,False
2021-02-19,1.5,8.1,-5.5,0.0,False,5.6,False
2021-02-20,9.8,15.7,5.5,0.0,False,8.3,True
2021-02-21,11.1,17.9,5.1,0.0,False,1.299999999999999,False
2021-02-22,13.2,18.0,10.1,0.0,False,2.0999999999999996,False
2021-02-23,5.6,11.8,-1.1,0.0,False,-7.6,True
2021-02-24,4.9,11.1,-1.6,0.0,False,-0.6999999999999993,False
2021-02-25,7.0,9.9,4.1,3.8,False,2.0999999999999996,False
2021-02-26,8.3,11.5,6.6,7.4,False,1.3000000000000007,False
2021-02-27,6.7,7.9,5.2,0.0,False,-1.6000000000000005,False
2021-02-28,9.3,13.3,5.8,0.0,False,2.6000000000000005,False
2021-03-01,12.5,15.1,5.9,43.8,False,3.1999999999999993,False
2021-03-02,4.1,6.5,1.0,9.2,False,-8.4,True
2021-03-03,3.7,8.2,-1.3,0.0,False,-0.39999999999999947,False
2021-03-04,7.0,12.1,2.1,4.5,False,3.3,False
2021-03-05,11.2,16.6,8.1,3.0,False,4.199999999999999,False
2021-03-06,6.8,10.7,4.7,0.0,False,-4.3999999999999995,False
2021-03-07,5.5,8.6,3.8,0.0,False,-1.2999999999999998,False
2021-03-08,5.9,11.6,0.4,0.0,False,0.40000000000000036,False
2021-03-09,7.3,12.8,2.8,0.0,False,1.3999999999999995,False
2021-03-10,7.5,12.6,1.9,0.0,False,0.20000000000000018,False
2021-03-11,8.3,13.4,1.8,0.0,False,0.8000000000000007,False
2021-03-12,9.2,10.8,8.1,22.1,False,0.8999999999999986,False
2021-03-13,9.0,15.3,4.8,0.0,False,-0.1999999999999993,False
2021-03-14,9.1,15.7,2.4,0.0,False,0.09999999999999964,False
2021-03-15,10.2,15.3,4.1,0.0,False,1.0999999999999996,False
2021-03-16,14.3,20.2,8.7,3.0,False,4.100000000000001,False
2021-03-17,9.1,14.2,3.7,0.0,False,-5.200000000000001,False
2021-03-18,9.6,13.5,6.1,0.0,False,0.5,False
2021-03-19,10.2,13.8,7.9,0.0,False,0.5999999999999996,False
2021-03-20,11.1,13.0,9.5,10.2,False,0.9000000000000004,False
2021-03-21,9.6,14.0,4.7,0.2,False,-1.5,False
2021-03-22,6.1,12.1,1.6,0.0,False,-3.5,False
2021-03-23,8.0,14.1,0.7,0.0,False,1.9000000000000004,False
2021-03-24,10.4,14.8,4.6,0.0,False,2.4000000000000004,False
2021-03-25,12.2,19.1,6.1,0.1,False,1.799999999999999,False
2021-03-26,12.2,19.5,5.4,0.0,False,0.0,False
2021-03-27,13.5,17.0,8.9,15.1,False,1.3000000000000007,False
2021-03-28,15.3,20.2,11.2,45.8,False,1.8000000000000007,False
2021-03-29,13.4,19.3,9.3,0.0,False,-1.9000000000000004,False
2021-03-30,12.2,18.9,7.9,0.0,False,-1.200000000000001,False
2021-03-31,11.5,17.5,5.1,0.0,False,-0.6999999999999993,False
2021-04-01,12.6,16.1,9.8,0.6,False,1.0999999999999996,False
2021-04-02,14.1,17.8,11.7,0.1,False,1.5,False
2021-04-03,15.3,17.4,12.5,35.3,False,1.200000000000001,False
2021-04-04,11.6,16.6,8.4,31.5,False,-3.700000000000001,False
2021-04-05,9.4,14.0,5.3,0.0,False,-2.1999999999999993,False
2021-04-06,10.6,18.1,3.6,0.0,False,1.1999999999999993,False
2021-04-07,13.0,19.0,7.9,0.0,False,2.4000000000000004,False
2021-04-08,11.9,17.3,7.5,0.0,False,-1.0999999999999996,False
2021-04-09,9.9,14.2,6.2,0.2,False,-2.0,False
2021-04-10,9.1,13.2,4.9,0.0,False,-0.8000000000000007,False
2021-04-11,11.0,17.2,4.3,0.0,False,1.9000000000000004,False
2021-04-12,12.8,15.4,9.9,21.2,False,1.8000000000000007,False
2021-04-13,15.3,19.7,9.7,10.0,False,2.5,False
2021-04-14,9.7,15.3,5.1,0.0,False,-5.600000000000001,False
2021-04-15,9.7,14.5,2.9,0.0,False,0.0,False
2021-04-16,12.6,16.6,6.8,0.1,False,2.9000000000000004,False
2021-04-17,13.3,19.3,8.2,0.6,False,0.7000000000000011,False
2021-04-18,10.3,16.1,5.3,0.0,False,-3.0,False
2021-04-19,12.1,20.1,4.1,0.0,False,1.799999999999999,False
2021-04-20,14.8,22.9,8.3,0.0,False,2.700000000000001,False
2021-04-21,16.6,23.4,10.7,0.0,False,1.8000000000000007,False
2021-04-22,17.1,23.1,12.6,0.1,False,0.5,False
2021-04-23,14.8,17.5,13.1,0.1,False,-2.3000000000000007,False
2021-04-24,14.5,19.1,11.2,0.0,False,-0.3000000000000007,False
2021-04-25,13.5,17.4,10.6,0.0,False,-1.0,False
2021-04-26,12.2,16.4,7.6,0.0,False,-1.3000000000000007,False
2021-04-27,13.5,18.1,7.0,1.0,False,1.3000000000000007,False
2021-04-28,16.6,22.1,10.7,0.0,False,3.1000000000000014,False
2021-04-29,15.7,19.4,12.5,1.1,False,-0.9000000000000021,False
2021-04-30,16.8,21.9,12.9,1.6,False,1.1000000000000014,False
2021-05-01,12.1,14.7,9.8,15.9,False,-4.700000000000001,False
2021-05-02,11.8,16.8,8.3,1.6,False,-0.29999999999999893,False
2021-05-03,13.2,18.6,6.9,0.0,False,1.3999999999999986,False
2021-05-04,15.3,18.3,10.7,24.0,False,2.1000000000000014,False
2021-05-05,17.6,23.1,12.7,9.5,False,2.3000000000000007,False
2021-05-06,14.7,21.0,7.1,0.0,False,-2.900000000000002,False
2021-05-07,16.6,20.7,12.7,0.0,False,1.9000000000000021,False
2021-05-08,14.7,19.9,8.2,0.0,False,-1.9000000000000021,False
2021-05-09,16.5,21.9,10.8,0.0,False,1.8000000000000007,False
2021-05-10,15.2,19.3,11.4,0.0,False,-1.3000000000000007,False
2021-05-11,15.1,18.3,13.3,0.3,False,-0.09999999999999964,False
2021-05-12,17.0,21.2,14.4,0.0,False,1.9000000000000004,False
2021-05-13,18.5,24.9,14.0,0.0,False,1.5,False
2021-05-14,18.8,23.5,14.1,0.0,False,0.3000000000000007,False
2021-05-15,18.7,20.4,16.9,24.1,False,-0.10000000000000142,False
2021-05-16,20.0,22.0,18.2,49.1,False,1.3000000000000007,False
2021-05-17,15.8,17.4,14.7,9.9,False,-4.199999999999999,False
2021-05-18,16.2,18.9,14.5,1.9,False,0.3999999999999986,False
2021-05-19,19.1,24.6,14.6,0.0,False,2.900000000000002,False
2021-05-20,16.7,17.9,15.4,22.0,False,-2.400000000000002,False
2021-05-21,17.6,21.4,14.6,0.8,False,0.9000000000000021,False
2021-05-22,18.5,24.6,13.6,0.0,False,0.8999999999999986,False
2021-05-23,20.4,26.6,14.1,0.0,False,1.8999999999999986,False
2021-05-24,18.8,22.7,16.0,1.1,False,-1.5999999999999979,False
2021-05-25,18.1,24.3,12.5,0.2,False,-0.6999999999999993,False
2021-05-26,16.4,20.2,12.1,2.3,False,-1.7000000000000028,False
2021-05-27,17.0,20.7,14.0,1.7,False,0.6000000000000014,False
2021-05-28,16.9,21.5,11.6,5.4,False,-0.10000000000000142,False
2021-05-29,18.1,23.6,13.2,0.0,False,1.2000000000000028,False
2021-05-30,18.5,22.9,13.2,0.0,False,0.3999999999999986,False
2021-05-31,19.1,24.0,14.6,0.0,False,0.6000000000000014,False
2021-06-01,20.2,25.0,15.1,0.0,False,1.0999999999999979,False
2021-06-02,21.0,25.4,16.7,0.0,False,0.8000000000000007,False
2021-06-03,19.5,21.0,18.1,10.0,False,-1.5,False
2021-06-04,20.5,24.8,18.1,1.6,False,1.0,False
2021-06-05,19.5,23.3,15.6,0.0,False,-1.0,False
2021-06-06,20.9,24.9,18.0,0.0,False,1.3999999999999986,False
2021-06-07,21.6,26.9,15.9,0.0,False,0.7000000000000028,False
2021-06-08,22.4,27.7,17.2,0.0,False,0.7999999999999972,False
2021-06-09,22.1,27.5,18.0,0.0,False,-0.29999999999999716,False
2021-06-10,22.0,26.5,17.2,0.1,False,-0.10000000000000142,False
2021-06-11,21.0,21.5,20.5,69.6,False,-1.0,False
2021-06-12,21.8,23.0,20.9,17.0,False,0.8000000000000007,False
2021-06-13,22.9,25.4,21.0,1.4,False,1.0999999999999979,False
2021-06-14,22.1,24.6,19.8,0.3,False,-0.7999999999999972,False
2021-06-15,20.8,22.2,19.9,15.3,False,-1.3000000000000007,False
2021-06-16,20.4,22.0,19.2,8.8,False,-0.40000000000000213,False
2021-06-17,19.6,21.5,18.2,0.4,False,-0.7999999999999972,False
2021-06-18,20.2,23.1,17.9,2.6,False,0.5999999999999979,False
2021-06-19,21.7,26.6,17.6,0.5,False,1.5,False
2021-06-20,22.1,26.4,17.5,0.0,False,0.40000000000000213,False
2021-06-21,22.9,30.1,17.5,0.0,False,0.7999999999999972,False
2021-06-22,20.2,24.1,17.2,0.6,False,-2.6999999999999993,False
2021-06-23,19.6,22.7,17.0,0.3,False,-0.5999999999999979,False
2021-06-24,20.4,23.5,17.5,0.4,False,0.7999999999999972,False
2021-06-25,21.6,25.0,17.9,0.5,False,1.2000000000000028,False
2021-06-26,21.9,26.4,19.5,1.6,False,0.29999999999999716,False
2021-06-27,22.6,26.6,18.2,0.0,False,0.7000000000000028,False
2021-06-28,22.8,26.4,20.2,0.0,False,0.1999999999999993,False
2021-06-29,22.5,26.1,18.9,0.3,False,-0.3000000000000007,False
2021-06-30,22.7,27.2,20.3,0.0,False,0.1999999999999993,False
2021-07-01,24.0,29.1,19.8,0.0,False,1.3000000000000007,False
2021-07-02,23.7,27.5,20.6,0.0,False,-0.3000000000000007,False
2021-07-03,22.2,24.3,21.0,44.2,False,-1.5,False
2021-07-04,24.6,27.2,22.3,30.0,False,2.400000000000002,False
2021-07-05,22.2,23.7,21.3,35.2,False,-2.400000000000002,False
2021-07-06,24.0,24.5,23.3,58.5,False,1.8000000000000007,False
2021-07-07,24.5,27.4,22.3,34.3,False,0.5,False
2021-07-08,24.3,29.3,22.1,11.0,False,-0.1999999999999993,False
2021-07-09,24.4,27.1,22.6,13.5,False,0.09999999999999787,False
2021-07-10,24.7,28.0,22.2,1.3,False,0.3000000000000007,False
2021-07-11,25.5,28.5,23.5,1.1,False,0.8000000000000007,False
2021-07-12,26.5,29.9,24.1,4.7,False,1.0,False
2021-07-13,26.4,28.5,25.0,1.6,False,-0.10000000000000142,False
2021-07-14,26.9,29.5,25.0,1.4,False,0.5,False
2021-07-15,26.8,28.8,24.8,1.7,False,-0.09999999999999787,False
2021-07-16,25.7,28.5,23.0,2.9,False,-1.1000000000000014,False
2021-07-17,24.6,26.7,23.1,7.3,False,-1.0999999999999979,False
2021-07-18,25.5,28.7,23.5,1.7,False,0.8999999999999986,False
2021-07-19,25.5,27.8,23.5,5.2,False,0.0,False
2021-07-20,27.1,30.8,24.5,0.9,False,1.6000000000000014,False
2021-07-21,26.4,29.6,24.1,0.0,False,-0.7000000000000028,False
2021-07-22,26.4,29.7,24.0,0.0,False,0.0,False
2021-07-23,26.5,30.1,23.9,0.0,False,0.10000000000000142,False
2021-07-24,26.5,29.3,24.2,0.0,False,0.0,False
2021-07-25,26.5,29.0,24.5,0.0,False,0.0,False
2021-07-26,26.6,29.5,24.2,0.0,False,0.10000000000000142,False
2021-07-27,26.6,30.0,23.7,0.0,False,0.0,False
2021-07-28,26.6,29.6,23.6,0.4,False,0.0,False
2021-07-29,26.5,30.3,22.5,0.5,False,-0.10000000000000142,False
2021-07-30,27.0,30.8,23.8,0.0,False,0.5,False
2021-07-31,27.0,29.3,24.3,6.2,False,0.0,False
2021-08-01,27.4,30.8,24.7,15.9,False,0.3999999999999986,False
2021-08-02,27.6,30.5,25.5,2.4,False,0.20000000000000284,False
2021-08-03,27.1,30.1,24.4,0.3,False,-0.5,False
2021-08-04,28.4,32.2,24.1,0.6,False,1.2999999999999972,False
2021-08-05,28.7,32.3,24.7,0.5,False,0.3000000000000007,False
2021-08-06,28.9,33.2,24.6,0.0,False,0.1999999999999993,False
2021-08-07,28.2,31.3,25.2,6.4,False,-0.6999999999999993,False
2021-08-08,25.0,27.4,23.9,38.9,False,-3.1999999999999993,False
2021-08-09,25.8,30.3,23.1,12.4,False,0.8000000000000007,False
2021-08-10,24.7,27.2,22.0,5.9,False,-1.1000000000000014,False
2021-08-11,24.2,26.4,21.9,2.1,False,-0.5,False
2021-08-12,25.2,27.9,22.6,1.7,False,1.0,False
2021-08-13,24.3,26.0,22.6,4.8,False,-0.8999999999999986,False
2021-08-14,22.7,24.4,22.0,17.6,False,-1.6000000000000014,False
2021-08-15,23.5,26.3,20.8,1.1,False,0.8000000000000007,False
2021-08-16,24.0,26.6,22.3,1.6,False,0.5,False
2021-08-17,22.8,24.9,21.4,15.9,False,-1.1999999999999993,False
2021-08-18,22.1,24.4,20.0,20.2,False,-0.6999999999999993,False
2021-08-19,22.9,27.5,19.6,12.1,False,0.7999999999999972,False
2021-08-20,23.5,26.5,20.2,2.6,False,0.6000000000000014,False
2021-08-21,24.0,25.7,22.7,57.6,False,0.5,False
2021-08-22,25.1,28.1,21.6,0.8,False,1.1000000000000014,False
2021-08-23,24.0,26.7,22.9,39.9,False,-1.1000000000000014,False
2021-08-24,25.5,27.3,24.3,55.4,False,1.5,False
2021-08-25,25.0,26.4,24.3,32.0,False,-0.5,False
2021-08-26,26.0,30.6,22.8,5.8,False,1.0,False
2021-08-27,25.5,28.9,22.3,1.2,False,-0.5,False
2021-08-28,26.0,29.8,22.5,2.7,False,0.5,False
2021-08-29,25.9,28.5,23.2,2.1,False,-0.10000000000000142,False
2021-08-30,25.7,29.2,23.7,1.4,False,-0.1999999999999993,False
2021-08-31,24.7,27.4,22.1,8.3,False,-1.0,False
2021-09-01,24.7,27.5,21.5,35.6,False,0.0,False
2021-09-02,21.7,24.0,20.3,16.1,False,-3.0,False
2021-09-03,21.5,23.9,19.9,4.8,False,-0.1999999999999993,False
2021-09-04,21.9,24.7,20.1,0.5,False,0.3999999999999986,False
2021-09-05,21.8,24.8,19.8,1.4,False,-0.09999999999999787,False
2021-09-06,22.0,25.0,20.3,7.8,False,0.1999999999999993,False
2021-09-07,23.9,26.4,21.3,2.9,False,1.8999999999999986,False
2021-09-08,23.0,26.5,20.1,3.6,False,-0.8999999999999986,False
2021-09-09,22.9,26.5,19.3,1.0,False,-0.10000000000000142,False
2021-09-10,21.9,23.2,20.7,6.0,False,-1.0,False
2021-09-11,22.8,27.6,18.4,0.0,False,0.9000000000000021,False
2021-09-12,23.2,28.1,18.6,0.0,False,0.3999999999999986,False
2021-09-13,22.9,24.6,22.1,0.0,False,-0.3000000000000007,False
2021-09-14,22.3,23.4,20.8,12.8,False,-0.5999999999999979,False
2021-09-15,21.9,24.2,20.6,0.4,False,-0.40000000000000213,False
2021-09-16,22.1,24.4,20.4,3.5,False,0.20000000000000284,False
2021-09-17,20.0,21.3,18.5,44.4,False,-2.1000000000000014,False
2021-09-18,21.6,25.8,18.7,0.0,False,1.6000000000000014,False
2021-09-19,20.7,24.7,17.2,0.0,False,-0.9000000000000021,False
2021-09-20,22.1,25.1,18.8,0.0,False,1.4000000000000021,False
2021-09-21,23.1,25.7,21.0,15.2,False,1.0,False
2021-09-22,22.5,26.0,18.1,0.3,False,-0.6000000000000014,False
2021-09-23,21.4,26.0,16.9,0.0,False,-1.1000000000000014,False
2021-09-24,20.3,24.3,16.5,0.0,False,-1.0999999999999979,False
2021-09-25,20.9,23.4,18.6,1.5,False,0.5999999999999979,False
2021-09-26,20.8,23.7,18.8,0.0,False,-0.09999999999999787,False
2021-09-27,20.8,23.9,18.8,0.0,False,0.0,False
2021-09-28,21.3,24.0,18.8,3.5,False,0.5,False
2021-09-29,22.9,26.5,20.0,11.5,False,1.5999999999999979,False
2021-09-30,21.2,23.3,18.9,29.4,False,-1.6999999999999993,False
2021-10-01,20.6,26.1,16.0,0.0,False,-0.5999999999999979,False
2021-10-02,21.4,27.2,17.5,0.0,False,0.7999999999999972,False
2021-10-03,21.2,26.1,17.3,0.0,False,-0.1999999999999993,False
2021-10-04,22.9,26.4,19.1,0.1,False,1.6999999999999993,False
2021-10-05,22.8,27.1,18.5,0.0,False,-0.09999999999999787,False
2021-10-06,22.1,26.4,19.9,0.0,False,-0.6999999999999993,False
2021-10-07,21.7,25.7,18.5,0.0,False,-0.40000000000000213,False
2021-10-08,22.0,25.8,19.4,0.1,False,0.3000000000000007,False
2021-10-09,22.4,25.8,20.1,1.1,False,0.3999999999999986,False
2021-10-10,23.2,27.5,19.3,0.2,False,0.8000000000000007,False
2021-10-11,20.5,23.1,17.6,5.0,False,-2.6999999999999993,False
2021-10-12,18.7,20.3,17.3,2.5,False,-1.8000000000000007,False
2021-10-13,19.1,22.3,17.1,1.4,False,0.40000000000000213,False
2021-10-14,19.7,24.7,15.6,0.0,False,0.5999999999999979,False
2021-10-15,19.5,25.2,14.5,0.1,False,-0.1999999999999993,False
2021-10-16,15.4,19.1,9.4,10.4,False,-4.1,False
2021-10-17,8.4,13.9,3.5,0.0,False,-7.0,True
2021-10-18,9.7,16.6,3.0,0.0,False,1.299999999999999,False
2021-10-19,11.6,17.4,6.6,0.0,False,1.9000000000000004,False
2021-10-20,11.3,17.0,5.6,0.0,False,-0.29999999999999893,False
2021-10-21,11.3,12.9,9.4,8.6,False,0.0,False
2021-10-22,11.2,16.5,6.8,0.0,False,-0.10000000000000142,False
2021-10-23,12.1,18.0,7.9,0.0,False,0.9000000000000004,False
2021-10-24,12.1,18.6,6.5,0.0,False,0.0,False
2021-10-25,13.8,19.7,9.8,0.0,False,1.700000000000001,False
2021-10-26,12.4,19.3,5.4,0.0,False,-1.4000000000000004,False
2021-10-27,13.6,20.1,8.9,0.0,False,1.1999999999999993,False
2021-10-28,13.2,19.6,6.6,0.0,False,-0.40000000000000036,False
2021-10-29,13.6,17.8,10.4,0.0,False,0.40000000000000036,False
2021-10-30,13.7,18.3,10.5,0.0,False,0.09999999999999964,False
2021-10-31,13.4,20.1,7.1,0.0,False,-0.29999999999999893,False
2021-11-01,13.5,20.0,8.9,0.0,False,0.09999999999999964,False
2021-11-02,12.0,18.0,7.3,0.0,False,-1.5,False
2021-11-03,11.5,18.6,6.1,0.0,False,-0.5,False
2021-11-04,12.0,18.8,6.7,0.0,False,0.5,False
2021-11-05,12.9,19.4,6.1,0.0,False,0.9000000000000004,False
2021-11-06,15.1,19.2,11.6,0.0,False,2.1999999999999993,False
2021-11-07,16.0,19.5,12.8,0.3,False,0.9000000000000004,False
2021-11-08,14.0,19.2,6.6,15.0,False,-2.0,False
2021-11-09,8.2,12.3,5.3,0.0,False,-5.800000000000001,False
2021-11-10,7.9,12.5,3.8,0.0,False,-0.29999999999999893,False
2021-11-11,8.5,12.3,5.8,0.0,False,0.5999999999999996,False
2021-11-12,6.4,10.8,2.9,0.0,False,-2.0999999999999996,False
2021-11-13,7.1,13.7,1.5,0.0,False,0.6999999999999993,False
2021-11-14,9.1,15.8,2.8,0.0,False,2.0,False
2021-11-15,9.3,16.3,3.8,0.0,False,0.20000000000000107,False
2021-11-16,9.4,16.1,5.4,0.0,False,0.09999999999999964,False
2021-11-17,8.1,15.0,1.4,0.0,False,-1.3000000000000007,False
2021-11-18,9.1,16.0,3.4,0.0,False,1.0,False
2021-11-19,9.5,17.5,2.8,0.0,False,0.40000000000000036,False
2021-11-20,11.0,18.4,4.9,0.0,False,1.5,False
2021-11-21,12.3,17.9,7.1,0.0,False,1.3000000000000007,False
2021-11-22,8.8,11.6,2.6,0.6,False,-3.5,False
2021-11-23,4.1,8.7,0.4,0.0,False,-4.700000000000001,False
2021-11-24,7.0,12.7,3.2,0.0,False,2.9000000000000004,False
2021-11-25,9.6,15.4,6.0,0.0,False,2.5999999999999996,False
2021-11-26,6.3,11.1,3.1,0.0,False,-3.3,False
2021-11-27,4.7,10.9,0.2,0.0,False,-1.5999999999999996,False
2021-11-28,6.0,12.9,0.5,0.0,False,1.2999999999999998,False
2021-11-29,6.9,13.9,0.2,0.0,False,0.9000000000000004,False
2021-11-30,9.0,13.0,4.6,34.7,False,2.0999999999999996,False
2021-12-01,2.2,5.1,-1.5,0.0,False,-6.8,True
2021-12-02,1.0,6.7,-3.2,0.0,False,-1.2000000000000002,False
2021-12-03,4.9,9.7,1.2,0.0,False,3.9000000000000004,False
2021-12-04,2.6,9.5,-2.1,0.0,False,-2.3000000000000003,False
2021-12-05,3.6,11.5,-3.0,0.0,False,1.0,False
2021-12-06,6.9,13.2,1.6,0.2,False,3.3000000000000003,False
2021-12-07,7.7,13.6,2.9,0.0,False,0.7999999999999998,False
2021-12-08,7.5,12.8,4.1,0.0,False,-0.20000000000000018,False
2021-12-09,8.3,13.6,4.0,0.0,False,0.8000000000000007,False
2021-12-10,8.9,15.4,3.1,0.0,False,0.5999999999999996,False
2021-12-11,8.1,13.7,4.2,0.0,False,-0.8000000000000007,False
2021-12-12,6.7,10.8,1.6,0.0,False,-1.3999999999999995,False
2021-12-13,-0.2,5.5,-4.9,0.0,False,-6.9,True
2021-12-14,1.2,7.4,-3.7,0.0,False,1.4,False
2021-12-15,4.7,11.5,-1.2,0.0,False,3.5,False
2021-12-16,4.7,8.3,2.1,3.9,False,0.0,False
2021-12-17,1.1,4.3,-4.6,0.0,False,-3.6,False
2021-12-18,-3.9,1.2,-8.6,0.0,False,-5.0,False
2021-12-19,1.0,5.6,-2.6,0.0,False,4.9,False
2021-12-20,3.5,10.6,-2.3,0.0,False,2.5,False
2021-12-21,6.1,12.8,0.0,0.0,False,2.5999999999999996,False
2021-12-22,5.1,11.6,-0.8,0.0,False,-1.0,False
2021-12-23,2.8,11.5,-3.7,0.0,False,-2.3,False
2021-12-24,3.9,11.0,-1.4,0.0,False,1.1,False
2021-12-25,-3.7,2.7,-6.9,0.0,False,-7.6,True
2021-12-26,-6.5,-2.6,-10.0,0.0,False,-2.8,False
2021-12-27,-3.7,1.4,-8.1,0.0,False,2.8,False
2021-12-28,1.1,6.7,-3.6,0.0,False,4.800000000000001,False
2021-12-29,2.3,9.0,-2.6,0.0,False,1.1999999999999997,False
2021-12-30,1.1,4.4,-2.2,0.0,False,-1.1999999999999997,False
2021-12-31,-2.6,1.9,-6.0,0.0,False,-3.7,False
2022-01-01,-1.6,4.8,-6.2,0.0,False,1.0,False
2022-01-02,0.2,9.2,-5.3,0.0,False,1.8,False
2022-01-03,0.0,7.1,-3.9,0.0,False,-0.2,False
2022-01-04,0.2,6.9,-4.5,0.0,False,0.2,False
2022-01-05,2.1,7.8,-3.7,1.0,False,1.9000000000000001,False
2022-01-06,3.5,8.1,-1.1,0.0,False,1.4,False
2022-01-07,0.9,8.3,-4.6,0.0,False,-2.6,False
2022-01-08,0.5,8.5,-5.7,0.0,False,-0.4,False
2022-01-09,2.6,9.1,-2.1,0.0,False,2.1,False
2022-01-10,3.2,10.0,-3.0,0.0,False,0.6000000000000001,False
2022-01-11,0.2,4.4,-5.0,0.0,False,-3.0,False
2022-01-12,-3.6,1.8,-7.7,0.0,False,-3.8000000000000003,False
2022-01-13,-2.4,1.2,-4.9,0.0,False,1.2000000000000002,False
2022-01-14,-2.9,3.7,-7.6,0.0,False,-0.5,False
2022-01-15,0.3,7.3,-3.8,0.0,False,3.1999999999999997,False
2022-01-16,1.3,8.1,-2.8,0.0,False,1.0,False
2022-01-17,-0.8,4.5,-4.6,0.0,False,-2.1,False
2022-01-18,-2.6,2.7,-6.9,0.0,False,-1.8,False
2022-01-19,-0.7,5.4,-5.9,0.0,False,1.9000000000000001,False
2022-01-20,-0.7,5.4,-6.1,0.0,False,0.0,False
2022-01-21,0.1,6.7,-5.4,0.0,False,0.7999999999999999,False
2022-01-22,3.6,9.5,-2.2,0.0,False,3.5,False
2022-01-23,6.2,11.2,1.7,0.0,False,2.6,False
2022-01-24,5.6,8.3,1.6,0.0,False,-0.6000000000000005,False
2022-01-25,4.0,8.8,-0.7,0.0,False,-1.5999999999999996,False
2022-01-26,3.7,9.1,-0.4,0.0,False,-0.2999999999999998,False
2022-01-27,3.5,10.0,-1.4,0.0,False,-0.20000000000000018,False
2022-01-28,1.9,7.5,-2.1,0.0,False,-1.6,False
2022-01-29,1.2,6.3,-2.0,0.0,False,-0.7,False
2022-01-30,1.4,7.4,-2.9,0.0,False,0.19999999999999996,False
2022-01-31,1.0,8.0,-4.4,0.0,False,-0.3999999999999999,False
2022-02-01,0.9,5.7,-3.0,0.0,False,-0.09999999999999998,False
2022-02-02,0.4,5.6,-3.8,0.0,False,-0.5,False
2022-02-03,0.8,5.7,-2.4,0.0,False,0.4,False
2022-02-04,0.2,5.9,-3.5,0.0,False,-0.6000000000000001,False
2022-02-05,-2.7,2.0,-6.8,0.0,False,-2.9000000000000004,False
2022-02-06,-1.4,4.5,-5.6,0.0,False,1.3000000000000003,False
2022-02-07,-0.1,4.5,-4.5,0.0,False,1.2999999999999998,False
2022-02-08,1.8,7.6,-3.3,0.0,False,1.9000000000000001,False
2022-02-09,3.4,9.3,-2.4,0.0,False,1.5999999999999999,False
2022-02-10,5.5,11.1,1.8,0.0,False,2.1,False
2022-02-11,3.5,11.0,-3.7,0.0,False,-2.0,False
2022-02-12,5.3,12.0,0.1,0.0,False,1.7999999999999998,False
2022-02-13,7.1,11.5,4.5,0.8,False,1.7999999999999998,False
2022-02-14,7.1,12.4,3.3,0.7,False,0.0,False
2022-02-15,1.4,5.4,-2.9,0.0,False,-5.699999999999999,False
2022-02-16,-2.7,2.3,-6.2,0.0,False,-4.1,False
2022-02-17,-4.2,1.1,-8.7,0.0,False,-1.5,False
2022-02-18,-0.0,5.7,-6.2,0.0,False,4.2,False
2022-02-19,2.8,6.9,0.6,2.4,False,2.8,False
2022-02-20,-1.8,2.1,-5.8,0.0,False,-4.6,False
2022-02-21,-0.4,6.9,-6.0,0.0,False,1.4,False
2022-02-22,-0.4,4.2,-4.8,0.0,False,0.0,False
2022-02-23,-1.5,3.2,-5.5,0.0,False,-1.1,False
2022-02-24,-0.5,7.0,-6.1,0.0,False,1.0,False
2022-02-25,2.5,10.7,-4.1,0.0,False,3.0,False
2022-02-26,4.5,11.1,-3.2,0.0,False,2.0,False
2022-02-27,5.6,12.5,-1.3,0.0,False,1.0999999999999996,False
2022-02-28,6.3,13.3,-1.4,0.0,False,0.7000000000000002,False
2022-03-01,10.1,16.9,6.4,4.2,False,3.8,False
2022-03-02,5.4,12.0,-1.5,0.0,False,-4.699999999999999,False
2022-03-03,5.5,13.2,-2.0,0.0,False,0.09999999999999964,False
2022-03-04,7.1,13.6,-0.2,0.0,False,1.5999999999999996,False
2022-03-05,6.8,10.5,2.2,0.0,False,-0.2999999999999998,False
2022-03-06,2.8,9.6,-3.7,0.0,False,-4.0,False
2022-03-07,5.0,10.3,-0.5,0.0,False,2.2,False
2022-03-08,6.7,14.9,-2.3,0.0,False,1.7000000000000002,False
2022-03-09,8.0,16.2,-0.2,0.0,False,1.2999999999999998,False
2022-03-10,9.4,15.6,2.7,0.0,False,1.4000000000000004,False
2022-03-11,12.1,17.4,5.7,0.1,False,2.6999999999999993,False
2022-03-12,14.0,20.4,8.5,1.2,False,1.9000000000000004,False
2022-03-13,14.3,15.7,11.9,12.9,False,0.3000000000000007,False
2022-03-14,11.3,13.7,8.9,0.3,False,-3.0,False
2022-03-15,9.5,15.8,2.8,0.0,False,-1.8000000000000007,False
2022-03-16,11.4,19.8,4.1,0.0,False,1.9000000000000004,False
2022-03-17,9.6,10.8,8.0,3.5,False,-1.8000000000000007,False
2022-03-18,6.8,8.3,4.0,28.2,False,-2.8,False
2022-03-19,5.0,8.8,3.4,5.3,False,-1.7999999999999998,False
2022-03-20,5.8,10.0,1.7,0.2,False,0.7999999999999998,False
2022-03-21,7.2,12.2,1.7,0.3,False,1.4000000000000004,False
2022-03-22,8.0,14.0,4.4,0.8,False,0.7999999999999998,False
2022-03-23,7.2,11.8,3.7,0.2,False,-0.7999999999999998,False
2022-03-24,8.7,16.7,1.5,0.0,False,1.4999999999999991,False
2022-03-25,12.4,16.2,6.7,0.9,False,3.700000000000001,False
2022-03-26,14.6,17.7,9.8,41.2,False,2.1999999999999993,False
2022-03-27,11.7,17.6,6.0,0.0,False,-2.9000000000000004,False
2022-03-28,7.8,11.0,4.0,0.0,False,-3.8999999999999995,False
2022-03-29,9.3,15.5,3.1,0.0,False,1.5000000000000009,False
2022-03-30,11.5,16.9,5.7,1.7,False,2.1999999999999993,False
2022-03-31,11.0,14.1,7.5,2.0,False,-0.5,False
2022-04-01,8.3,11.8,5.3,0.0,False,-2.6999999999999993,False
2022-04-02,8.2,13.4,2.1,0.1,False,-0.10000000000000142,False
2022-04-03,9.2,15.0,3.3,0.1,False,1.0,False
2022-04-04,10.4,17.2,3.5,0.0,False,1.200000000000001,False
2022-04-05,11.2,17.9,4.2,0.0,False,0.7999999999999989,False
2022-04-06,12.6,20.1,5.7,0.0,False,1.4000000000000004,False
2022-04-07,13.1,19.9,6.3,3.3,False,0.5,False
2022-04-08,12.2,17.0,5.6,0.0,False,-0.9000000000000004,False
2022-04-09,14.5,20.6,7.7,0.0,False,2.3000000000000007,False
2022-04-10,15.9,21.6,10.1,0.0,False,1.4000000000000004,False
2022-04-11,17.1,21.0,13.6,0.0,False,1.200000000000001,False
2022-04-12,18.2,23.4,14.3,0.1,False,1.0999999999999979,False
2022-04-13,13.2,15.6,10.6,0.8,False,-5.0,False
2022-04-14,11.0,13.3,9.8,2.2,False,-2.1999999999999993,False
2022-04-15,11.4,16.3,8.7,0.0,False,0.40000000000000036,False
2022-04-16,11.1,16.7,5.7,0.0,False,-0.3000000000000007,False
2022-04-17,13.7,22.1,5.5,0.0,False,2.5999999999999996,False
2022-04-18,15.8,23.4,9.8,0.0,False,2.1000000000000014,False
2022-04-19,16.3,22.7,8.9,0.0,False,0.5,False
2022-04-20,16.9,23.7,9.2,0.0,False,0.5999999999999979,False
2022-04-21,13.5,16.4,10.6,7.4,False,-3.3999999999999986,False
2022-04-22,14.2,20.3,7.9,0.0,False,0.6999999999999993,False
2022-04-23,16.1,20.5,12.3,0.0,False,1.9000000000000021,False
2022-04-24,18.3,26.0,13.2,0.0,False,2.1999999999999993,False
2022-04-25,18.7,26.3,12.7,0.5,False,0.3999999999999986,False
2022-04-26,18.1,20.3,16.4,93.6,False,-0.5999999999999979,False
2022-04-27,15.6,18.5,12.6,0.0,False,-2.5000000000000018,False
2022-04-28,14.5,18.4,11.4,0.0,False,-1.0999999999999996,False
2022-04-29,11.5,13.0,9.8,21.8,False,-3.0,False
2022-04-30,11.8,15.5,7.6,0.2,False,0.3000000000000007,False
2022-05-01,13.2,18.2,9.3,0.0,False,1.3999999999999986,False
2022-05-02,12.6,18.9,7.2,4.3,False,-0.5999999999999996,False
2022-05-03,12.3,18.2,5.4,0.0,False,-0.29999999999999893,False
2022-05-04,14.1,19.8,7.8,0.0,False,1.799999999999999,False
2022-05-05,16.2,21.6,9.9,0.0,False,2.0999999999999996,False
2022-05-06,19.1,24.2,13.5,0.0,False,2.900000000000002,False
2022-05-07,18.5,26.2,13.4,0.0,False,-0.6000000000000014,False
2022-05-08,15.2,18.1,13.5,0.0,False,-3.3000000000000007,False
2022-05-09,14.8,18.3,12.8,0.0,False,-0.3999999999999986,False
2022-05-10,15.2,19.0,12.1,1.5,False,0.3999999999999986,False
2022-05-11,18.2,23.4,12.4,0.7,False,3.0,False
2022-05-12,18.3,21.2,16.0,5.0,False,0.10000000000000142,False
2022-05-13,16.3,19.8,13.9,0.4,False,-2.0,False
2022-05-14,18.3,24.1,12.5,0.1,False,2.0,False
2022-05-15,16.2,20.7,12.9,0.0,False,-2.1000000000000014,False
2022-05-16,17.1,23.9,11.9,0.0,False,0.9000000000000021,False
2022-05-17,18.7,25.6,11.0,0.0,False,1.5999999999999979,False
2022-05-18,20.1,26.9,12.9,0.0,False,1.4000000000000021,False
2022-05-19,20.1,25.3,15.2,0.0,False,0.0,False
2022-05-20,20.0,25.2,15.9,0.0,False,-0.10000000000000142,False
2022-05-21,20.7,26.7,14.2,0.4,False,0.6999999999999993,False
2022-05-22,23.5,31.1,15.4,0.0,False,2.8000000000000007,False
2022-05-23,21.3,26.1,15.9,0.0,False,-2.1999999999999993,False
2022-05-24,23.1,28.8,16.9,0.0,False,1.8000000000000007,False
2022-05-25,22.4,28.4,17.5,0.0,False,-0.7000000000000028,False
2022-05-26,22.0,28.1,17.9,0.0,False,-0.3999999999999986,False
2022-05-27,23.0,29.9,15.2,0.0,False,1.0,False
2022-05-28,23.1,30.3,16.0,0.0,False,0.10000000000000142,False
2022-05-29,23.0,28.6,16.2,0.0,False,-0.10000000000000142,False
2022-05-30,21.5,24.8,18.6,0.9,False,-1.5,False
2022-05-31,21.7,27.6,16.8,0.0,False,0.1999999999999993,False
2022-06-01,22.4,28.5,18.3,0.0,False,0.6999999999999993,False
2022-06-02,20.9,26.6,15.5,0.0,False,-1.5,False
2022-06-03,21.8,27.8,16.5,0.0,False,0.9000000000000021,False
2022-06-04,20.0,24.2,16.6,0.0,False,-1.8000000000000007,False
2022-06-05,17.8,20.0,16.3,29.6,False,-2.1999999999999993,False
2022-06-06,18.4,23.1,15.3,20.8,False,0.5999999999999979,False
2022-06-07,16.5,19.7,12.9,2.0,False,-1.8999999999999986,False
2022-06-08,17.0,20.7,14.1,1.0,False,0.5,False
2022-06-09,17.6,22.1,12.9,0.0,False,0.6000000000000014,False
2022-06-10,19.5,23.9,14.3,0.0,False,1.8999999999999986,False
2022-06-11,20.4,24.3,18.0,0.2,False,0.8999999999999986,False
2022-06-12,19.4,24.1,15.8,0.0,False,-1.0,False
2022-06-13,18.7,21.0,16.7,0.7,False,-0.6999999999999993,False
2022-06-14,17.8,18.6,17.0,23.4,False,-0.8999999999999986,False
2022-06-15,19.7,23.3,16.6,0.7,False,1.8999999999999986,False
2022-06-16,21.7,27.0,17.9,0.1,False,2.0,False
2022-06-17,21.8,25.7,17.7,0.0,False,0.10000000000000142,False
2022-06-18,23.9,27.6,21.1,0.0,False,2.099999999999998,False
2022-06-19,23.4,27.8,19.9,0.0,False,-0.5,False
2022-06-20,23.9,28.5,20.1,0.0,False,0.5,False
2022-06-21,24.6,28.8,21.8,0.3,False,0.7000000000000028,False
2022-06-22,24.9,29.9,21.1,0.0,False,0.29999999999999716,False
2022-06-23,24.0,26.0,22.2,2.1,False,-0.8999999999999986,False
2022-06-24,23.5,25.3,22.6,32.6,False,-0.5,False
2022-06-25,23.3,25.7,21.6,4.9,False,-0.1999999999999993,False
2022-06-26,23.3,25.3,21.9,2.8,False,0.0,False
2022-06-27,22.7,24.4,21.2,14.7,False,-0.6000000000000014,False
2022-06-28,24.9,26.8,23.5,1.0,False,2.1999999999999993,False
2022-06-29,24.4,26.2,23.4,6.0,False,-0.5,False
2022-06-30,25.6,28.6,23.4,2.4,False,1.2000000000000028,False
2022-07-01,26.7,30.9,23.4,0.0,False,1.0999999999999979,False
2022-07-02,27.0,32.3,22.6,0.0,False,0.3000000000000007,False
2022-07-03,27.1,30.7,23.5,0.6,False,0.10000000000000142,False
2022-07-04,26.9,30.7,23.9,1.9,False,-0.20000000000000284,False
2022-07-05,26.8,30.6,24.3,10.3,False,-0.09999999999999787,False
2022-07-06,26.4,28.9,24.3,7.1,False,-0.40000000000000213,False
2022-07-07,27.2,29.8,25.1,0.6,False,0.8000000000000007,False
2022-07-08,26.7,29.3,25.0,9.4,False,-0.5,False
2022-07-09,27.2,31.8,24.2,0.9,False,0.5,False
2022-07-10,26.4,29.5,24.4,0.8,False,-0.8000000000000007,False
2022-07-11,24.9,26.4,23.6,16.9,False,-1.5,False
2022-07-12,24.3,27.9,22.4,7.3,False,-0.5999999999999979,False
2022-07-13,23.5,25.9,21.5,1.9,False,-0.8000000000000007,False
2022-07-14,27.2,32.4,23.7,2.5,False,3.6999999999999993,False
2022-07-15,26.4,31.9,22.3,0.5,False,-0.8000000000000007,False
2022-07-16,26.4,30.9,21.9,1.2,False,0.0,False
2022-07-17,26.4,31.0,23.0,0.4,False,0.0,False
2022-07-18,23.5,25.3,20.6,75.5,False,-2.8999999999999986,False
2022-07-19,25.1,28.1,23.2,3.5,False,1.6000000000000014,False
2022-07-20,26.4,31.1,22.7,0.8,False,1.2999999999999972,False
2022-07-21,26.3,31.1,23.1,6.4,False,-0.09999999999999787,False
2022-07-22,24.6,29.9,22.0,4.9,False,-1.6999999999999993,False
2022-07-23,23.7,26.4,21.3,1.2,False,-0.9000000000000021,False
2022-07-24,25.3,28.9,23.2,14.2,False,1.6000000000000014,False
2022-07-25,25.1,28.3,22.4,2.0,False,-0.1999999999999993,False
2022-07-26,25.1,28.9,23.1,0.1,False,0.0,False
2022-07-27,25.1,29.0,21.5,0.0,False,0.0,False
2022-07-28,26.5,30.3,23.6,0.1,False,1.3999999999999986,False
2022-07-29,27.5,31.0,24.4,0.1,False,1.0,False
2022-07-30,26.9,30.0,25.1,0.8,False,-0.6000000000000014,False
2022-07-31,26.5,27.7,25.4,16.6,False,-0.3999999999999986,False
2022-08-01,27.6,30.6,25.4,4.6,False,1.1000000000000014,False
2022-08-02,26.6,28.7,25.0,10.5,False,-1.0,False
2022-08-03,27.2,30.2,24.5,5.9,False,0.5999999999999979,False
2022-08-04,27.7,31.4,24.3,3.9,False,0.5,False
2022-08-05,27.9,31.5,24.6,2.9,False,0.1999999999999993,False
2022-08-06,29.0,32.7,26.0,2.9,False,1.1000000000000014,False
2022-08-07,28.4,31.7,25.8,1.5,False,-0.6000000000000014,False
2022-08-08,28.7,31.6,26.7,0.0,False,0.3000000000000007,False
2022-08-09,28.0,30.3,26.5,0.1,False,-0.6999999999999993,False
2022-08-10,27.7,30.5,26.2,1.0,False,-0.3000000000000007,False
2022-08-11,26.9,29.1,25.6,5.3,False,-0.8000000000000007,False
2022-08-12,28.1,32.9,24.7,12.2,False,1.2000000000000028,False
2022-08-13,27.8,31.7,25.2,7.5,False,-0.3000000000000007,False
2022-08-14,27.9,31.6,24.9,4.3,False,0.09999999999999787,False
2022-08-15,28.6,31.7,26.6,2.4,False,0.7000000000000028,False
2022-08-16,26.4,28.1,24.3,9.4,False,-2.200000000000003,False
2022-08-17,24.0,25.4,22.9,39.3,False,-2.3999999999999986,False
2022-08-18,23.9,27.8,20.1,0.9,False,-0.10000000000000142,False
2022-08-19,25.7,29.6,21.2,0.0,False,1.8000000000000007,False
2022-08-20,26.5,28.4,24.7,22.0,False,0.8000000000000007,False
2022-08-21,25.3,28.8,22.2,0.0,False,-1.1999999999999993,False
2022-08-22,24.3,29.5,18.9,0.0,False,-1.0,False
2022-08-23,25.8,30.6,21.8,1.4,False,1.5,False
2022-08-24,22.6,23.4,21.3,18.7,False,-3.1999999999999993,False
2022-08-25,23.2,27.9,18.8,0.0,False,0.5999999999999979,False
2022-08-26,23.8,28.3,20.4,0.0,False,0.6000000000000014,False
2022-08-27,23.2,27.8,19.4,0.0,False,-0.6000000000000014,False
2022-08-28,21.4,25.3,18.1,0.0,False,-1.8000000000000007,False
2022-08-29,22.6,27.7,19.0,0.0,False,1.2000000000000028,False
2022-08-30,22.7,25.8,20.3,10.0,False,0.09999999999999787,False
2022-08-31,22.6,24.4,21.0,22.6,False,-0.09999999999999787,False
2022-09-01,21.8,24.9,19.9,3.9,False,-0.8000000000000007,False
2022-09-02,21.2,22.2,19.8,31.1,False,-0.6000000000000014,False
2022-09-03,22.4,23.8,21.2,8.7,False,1.1999999999999993,False
2022-09-04,25.1,28.7,22.2,0.9,False,2.700000000000003,False
2022-09-05,26.1,27.8,24.2,9.2,False,1.0,False
2022-09-06,24.3,26.7,19.4,77.1,False,-1.8000000000000007,False
2022-09-07,21.3,28.1,15.1,0.0,False,-3.0,False
2022-09-08,21.1,25.8,16.3,0.0,False,-0.1999999999999993,False
2022-09-09,21.7,26.0,18.1,0.0,False,0.5999999999999979,False
2022-09-10,21.7,24.0,20.3,0.2,False,0.0,False
2022-09-11,23.2,27.3,20.2,0.0,False,1.5,False
2022-09-12,22.9,26.2,20.6,1.0,False,-0.3000000000000007,False
2022-09-13,23.3,26.7,21.4,5.1,False,0.40000000000000213,False
2022-09-14,23.5,26.7,21.6,0.0,False,0.1999999999999993,False
2022-09-15,23.4,26.4,21.7,0.0,False,-0.10000000000000142,False
2022-09-16,24.5,28.4,21.8,0.0,False,1.1000000000000014,False
2022-09-17,24.6,28.4,21.1,1.8,False,0.10000000000000142,False
2022-09-18,25.5,29.9,22.2,34.3,False,0.8999999999999986,False
2022-09-19,23.1,25.8,18.6,57.1,False,-2.3999999999999986,False
2022-09-20,18.7,21.3,16.6,0.0,False,-4.400000000000002,False
2022-09-21,17.2,20.6,13.7,0.0,False,-1.5,False
2022-09-22,18.3,22.7,13.7,0.0,False,1.1000000000000014,False
2022-09-23,20.1,25.4,14.7,0.0,False,1.8000000000000007,False
2022-09-24,18.0,24.0,13.0,0.0,False,-2.1000000000000014,False
2022-09-25,18.5,22.0,15.9,0.7,False,0.5,False
2022-09-26,19.1,23.1,16.7,0.8,False,0.6000000000000014,False
2022-09-27,19.9,23.8,17.6,0.1,False,0.7999999999999972,False
2022-09-28,20.3,24.7,16.8,0.2,False,0.40000000000000213,False
2022-09-29,19.6,25.8,14.0,0.0,False,-0.6999999999999993,False
2022-09-30,19.6,26.1,13.9,0.0,False,0.0,False
2022-10-01,20.3,28.6,14.3,0.0,False,0.6999999999999993,False
2022-10-02,20.9,25.5,16.1,0.0,False,0.5999999999999979,False
2022-10-03,23.9,26.2,21.9,3.7,False,3.0,False
2022-10-04,22.1,24.9,16.7,4.8,False,-1.7999999999999972,False
2022-10-05,17.0,19.1,15.9,0.7,False,-5.100000000000001,False
2022-10-06,17.1,19.6,15.6,2.7,False,0.10000000000000142,False
2022-10-07,16.4,21.0,14.4,2.2,False,-0.7000000000000028,False
2022-10-08,15.9,19.2,13.4,0.0,False,-0.4999999999999982,False
2022-10-09,15.8,18.0,14.4,4.5,False,-0.09999999999999964,False
2022-10-10,13.8,16.9,10.7,0.0,False,-2.0,False
2022-10-11,12.7,17.5,9.1,0.0,False,-1.1000000000000014,False
2022-10-12,14.0,19.9,6.8,0.0,False,1.3000000000000007,False
2022-10-13,16.5,20.8,12.7,0.0,False,2.5,False
2022-10-14,16.2,21.3,12.3,0.0,False,-0.3000000000000007,False
2022-10-15,17.1,22.4,12.5,0.0,False,0.9000000000000021,False
2022-10-16,18.1,23.7,13.4,0.0,False,1.0,False
2022-10-17,15.4,21.0,9.7,0.0,False,-2.700000000000001,False
2022-10-18,11.0,17.0,6.3,0.0,False,-4.4,False
2022-10-19,10.5,17.2,5.7,0.0,False,-0.5,False
2022-10-20,12.2,19.6,4.5,0.0,False,1.6999999999999993,False
2022-10-21,14.6,20.6,7.9,0.0,False,2.4000000000000004,False
2022-10-22,17.1,23.1,13.0,0.1,False,2.5000000000000018,False
2022-10-23,15.2,21.3,9.7,0.0,False,-1.9000000000000021,False
2022-10-24,12.4,17.1,8.2,0.0,False,-2.799999999999999,False
2022-10-25,11.9,16.9,7.1,0.0,False,-0.5,False
2022-10-26,13.0,18.0,7.5,0.0,False,1.0999999999999996,False
2022-10-27,15.0,21.3,8.9,0.0,False,2.0,False
2022-10-28,14.4,20.9,8.8,0.0,False,-0.5999999999999996,False
2022-10-29,14.5,18.1,11.5,0.1,False,0.09999999999999964,False
2022-10-30,14.0,17.2,11.5,0.3,False,-0.5,False
2022-10-31,13.8,18.8,9.6,0.0,False,-0.1999999999999993,False
2022-11-01,14.3,21.6,8.7,0.0,False,0.5,False
2022-11-02,13.4,20.5,6.4,0.0,False,-0.9000000000000004,False
2022-11-03,13.2,20.6,6.5,0.0,False,-0.20000000000000107,False
2022-11-04,9.6,14.2,5.5,0.0,False,-3.5999999999999996,False
2022-11-05,8.0,15.2,2.3,0.0,False,-1.5999999999999996,False
2022-11-06,9.3,16.3,1.7,0.0,False,1.3000000000000007,False
2022-11-07,10.0,17.4,3.0,0.0,False,0.6999999999999993,False
2022-11-08,11.3,19.3,4.2,0.0,False,1.3000000000000007,False
2022-11-09,11.6,18.6,5.4,0.0,False,0.29999999999999893,False
2022-11-10,12.6,21.4,4.9,0.0,False,1.0,False
2022-11-11,15.1,20.4,11.5,0.0,False,2.5,False
2022-11-12,16.4,21.9,10.6,5.3,False,1.299999999999999,False
2022-11-13,16.7,20.7,12.7,5.9,False,0.3000000000000007,False
2022-11-14,11.8,13.6,7.8,0.0,False,-4.899999999999999,False
2022-11-15,9.0,13.7,4.8,0.0,False,-2.8000000000000007,False
2022-11-16,8.9,15.3,3.7,0.0,False,-0.09999999999999964,False
2022-11-17,9.5,15.1,5.2,0.0,False,0.5999999999999996,False
2022-11-18,10.1,17.3,4.4,0.0,False,0.5999999999999996,False
2022-11-19,13.2,18.5,9.7,0.0,False,3.0999999999999996,False
2022-11-20,13.2,16.5,10.3,0.0,False,0.0,False
2022-11-21,12.0,18.7,6.5,0.0,False,-1.1999999999999993,False
2022-11-22,12.2,16.3,8.8,5.7,False,0.1999999999999993,False
2022-11-23,12.8,18.0,9.5,0.0,False,0.6000000000000014,False
2022-11-24,9.6,15.8,5.8,0.0,False,-3.200000000000001,False
2022-11-25,9.9,16.4,3.9,0.0,False,0.3000000000000007,False
2022-11-26,10.6,17.0,6.4,0.0,False,0.6999999999999993,False
2022-11-27,8.5,15.5,2.3,0.0,False,-2.0999999999999996,False
2022-11-28,16.0,20.7,9.6,2.4,False,7.5,True
2022-11-29,14.7,19.0,7.5,12.4,False,-1.3000000000000007,False
2022-11-30,0.2,6.6,-3.3,0.0,False,-14.5,True
2022-12-01,-1.6,1.7,-3.8,0.0,False,-1.8,False
2022-12-02,-0.1,4.6,-3.1,0.0,False,1.5,False
2022-12-03,2.9,7.7,-2.5,0.0,False,3.0,False
2022-12-04,3.6,7.6,0.5,0.0,False,0.7000000000000002,False
2022-12-05,0.8,5.7,-1.9,0.0,False,-2.8,False
2022-12-06,1.1,6.9,-3.5,0.0,False,0.30000000000000004,False
2022-12-07,4.5,9.7,-0.3,0.0,False,3.4,False
2022-12-08,3.1,10.5,-2.5,0.0,False,-1.4,False
2022-12-09,4.3,12.3,-1.8,0.0,False,1.1999999999999997,False
2022-12-10,5.2,12.3,-1.7,0.2,False,0.9000000000000004,False
2022-12-11,4.9,9.1,1.7,0.0,False,-0.2999999999999998,False
2022-12-12,5.3,12.1,1.0,2.9,False,0.39999999999999947,False
2022-12-13,3.8,8.8,-1.4,0.0,False,-1.5,False
2022-12-14,-2.3,2.2,-6.1,0.0,False,-6.1,False
2022-12-15,-1.4,4.1,-6.1,0.0,False,0.8999999999999999,False
2022-12-16,0.6,3.6,-2.7,0.0,False,2.0,False
2022-12-17,-1.2,2.8,-4.7,0.0,False,-1.7999999999999998,False
2022-12-18,-4.7,-0.8,-7.2,0.0,False,-3.5,False
2022-12-19,-3.5,1.9,-7.3,0.0,False,1.2000000000000002,False
2022-12-20,-1.4,4.8,-5.1,0.0,False,2.1,False
2022-12-21,1.5,6.2,-2.0,14.3,False,2.9,False
2022-12-22,-1.8,0.9,-5.7,0.2,False,-3.3,False
2022-12-23,-5.3,-1.7,-7.9,0.0,False,-3.5,False
2022-12-24,-4.2,3.7,-9.9,0.0,False,1.0999999999999996,False
2022-12-25,-1.4,4.8,-5.0,0.0,False,2.8000000000000003,False
2022-12-26,-0.5,5.5,-3.8,0.0,False,0.8999999999999999,False
2022-12-27,-0.0,7.0,-4.6,0.0,False,0.5,False
2022-12-28,0.1,5.8,-2.9,0.0,False,0.1,False
2022-12-29,-0.7,4.7,-3.9,0.0,False,-0.7999999999999999,False
2022-12-30,-0.8,4.7,-5.0,0.0,False,-0.10000000000000009,False
2022-12-31,0.0,6.0,-3.4,0.0,False,0.8,False
2023-01-01,0.4,7.3,-4.9,0.0,False,0.4,False
2023-01-02,-0.2,3.9,-3.7,0.0,False,-0.6000000000000001,False
2023-01-03,-1.2,4.2,-4.6,0.0,False,-1.0,False
2023-01-04,-0.3,6.5,-4.1,0.0,False,0.8999999999999999,False
2023-01-05,0.4,7.2,-4.8,0.0,False,0.7,False
2023-01-06,1.7,7.9,-3.3,0.0,False,1.2999999999999998,False
2023-01-07,3.1,7.9,-1.0,0.0,False,1.4000000000000001,False
2023-01-08,1.8,8.9,-3.0,0.0,False,-1.3,False
2023-01-09,4.5,12.7,-0.5,0.0,False,2.7,False
2023-01-10,3.7,10.0,-1.3,0.0,False,-0.7999999999999998,False
2023-01-11,4.4,11.1,-1.6,0.0,False,0.7000000000000002,False
2023-01-12,6.2,14.0,-2.3,1.1,False,1.7999999999999998,False
2023-01-13,13.6,15.1,11.8,61.0,False,7.3999999999999995,True
2023-01-14,9.9,12.5,7.4,1.4,False,-3.6999999999999993,False
2023-01-15,5.5,7.8,0.6,3.1,False,-4.4,False
2023-01-16,-0.6,4.6,-3.4,0.0,False,-6.1,False
2023-01-17,-1.0,4.3,-5.1,0.0,False,-0.4,False
2023-01-18,0.4,5.2,-2.8,0.0,False,1.4,False
2023-01-19,-0.4,4.8,-5.0,0.0,False,-0.8,False
2023-01-20,0.8,5.6,-3.4,0.0,False,1.2000000000000002,False
2023-01-21,-2.3,3.5,-6.4,0.0,False,-3.0999999999999996,False
2023-01-22,0.4,6.3,-5.0,0.2,False,2.6999999999999997,False
2023-01-23,2.8,9.4,-3.0,0.0,False,2.4,False
2023-01-24,-6.1,1.3,-10.5,0.0,False,-8.899999999999999,True
2023-01-25,-8.5,-2.0,-13.6,0.0,False,-2.4000000000000004,False
2023-01-26,-2.4,5.0,-8.9,0.0,False,6.1,False
2023-01-27,-2.5,0.8,-5.8,0.1,False,-0.10000000000000009,False
2023-01-28,-4.4,1.0,-8.6,0.0,False,-1.9000000000000004,False
2023-01-29,-0.9,4.6,-5.1,0.0,False,3.5000000000000004,False
2023-01-30,-0.1,4.9,-3.7,0.0,False,0.8,False
2023-01-31,0.6,7.3,-6.2,0.0,False,0.7,False
2023-02-01,5.1,13.0,0.6,0.0,False,4.5,False
2023-02-02,1.4,7.5,-3.8,0.0,False,-3.6999999999999997,False
2023-02-03,2.2,8.0,-1.5,0.0,False,0.8000000000000003,False
2023-02-04,0.6,6.1,-3.6,0.0,False,-1.6,False
2023-02-05,0.7,8.5,-5.3,0.0,False,0.09999999999999998,False
2023-02-06,2.5,9.6,-5.1,0.0,False,1.8,False
2023-02-07,6.4,12.5,1.7,0.0,False,3.9000000000000004,False
2023-02-08,5.0,11.7,-0.1,0.0,False,-1.4000000000000004,False
2023-02-09,5.1,10.0,-0.5,2.0,False,0.09999999999999964,False
2023-02-10,6.0,10.7,0.6,22.3,False,0.9000000000000004,False
2023-02-11,3.8,10.2,-2.4,0.0,False,-2.2,False
2023-02-12,4.8,12.2,-2.1,1.9,False,1.0,False
2023-02-13,6.4,8.0,3.2,2.8,False,1.6000000000000005,False
2023-02-14,4.9,10.2,1.6,0.0,False,-1.5,False
2023-02-15,2.9,4.9,1.6,0.0,False,-2.0000000000000004,False
2023-02-16,4.5,8.2,1.7,0.0,False,1.6,False
2023-02-17,4.5,10.3,-1.8,0.7,False,0.0,False
2023-02-18,8.8,14.4,5.3,4.9,False,4.300000000000001,False
2023-02-19,8.0,10.9,2.3,2.3,False,-0.8000000000000007,False
2023-02-20,1.8,8.2,-3.3,0.0,False,-6.2,True
2023-02-21,0.2,5.9,-5.3,0.0,False,-1.6,False
2023-02-22,3.6,8.6,-2.5,0.0,False,3.4,False
2023-02-23,6.9,12.3,3.3,1.6,False,3.3000000000000003,False
2023-02-24,7.0,12.6,3.6,0.0,False,0.09999999999999964,False
2023-02-25,3.0,8.7,-2.8,0.0,False,-4.0,False
2023-02-26,2.6,9.6,-4.6,0.0,False,-0.3999999999999999,False
2023-02-27,4.2,12.4,-4.0,0.0,False,1.6,False
2023-02-28,6.8,13.0,0.5,0.0,False,2.5999999999999996,False
2023-03-01,7.7,10.8,4.4,2.9,False,0.9000000000000004,False
2023-03-02,3.3,8.1,-1.5,0.0,False,-4.4,False
2023-03-03,4.0,12.5,-3.0,0.0,False,0.7000000000000002,False
2023-03-04,6.6,14.8,-1.6,0.0,False,2.5999999999999996,False
2023-03-05,8.3,13.8,2.5,0.0,False,1.700000000000001,False
2023-03-06,8.7,16.0,1.8,0.0,False,0.3999999999999986,False
2023-03-07,9.8,17.4,2.4,0.0,False,1.1000000000000014,False
2023-03-08,11.5,17.3,5.7,0.0,False,1.6999999999999993,False
2023-03-09,14.2,19.3,9.3,0.5,False,2.6999999999999993,False
2023-03-10,12.7,18.9,7.1,0.0,False,-1.5,False
2023-03-11,13.6,21.8,7.3,0.0,False,0.9000000000000004,False
2023-03-12,12.4,18.0,4.1,9.1,False,-1.1999999999999993,False
2023-03-13,4.0,10.3,-1.6,0.0,False,-8.4,True
2023-03-14,7.3,12.7,0.8,0.0,False,3.3,False
2023-03-15,11.9,16.4,6.4,3.9,False,4.6000000000000005,False
2023-03-16,10.4,16.0,5.4,0.0,False,-1.5,False
2023-03-17,8.9,12.9,6.3,0.2,False,-1.5,False
2023-03-18,10.0,15.3,6.8,0.0,False,1.0999999999999996,False
2023-03-19,9.4,16.7,2.2,0.0,False,-0.5999999999999996,False
2023-03-20,10.4,16.4,4.4,0.0,False,1.0,False
2023-03-21,12.4,17.7,7.9,0.4,False,2.0,False
2023-03-22,14.9,19.7,10.9,7.6,False,2.5,False
2023-03-23,14.7,16.2,13.4,36.6,False,-0.20000000000000107,False
2023-03-24,11.9,13.5,9.1,5.0,False,-2.799999999999999,False
2023-03-25,10.4,14.8,8.2,1.0,False,-1.5,False
2023-03-26,10.5,15.5,8.0,2.3,False,0.09999999999999964,False
2023-03-27,9.5,15.5,4.1,0.0,False,-1.0,False
2023-03-28,9.6,16.1,2.0,0.0,False,0.09999999999999964,False
2023-03-29,11.1,17.0,4.3,0.0,False,1.5,False
2023-03-30,13.0,20.5,6.1,0.0,False,1.9000000000000004,False
2023-03-31,14.9,23.0,8.7,0.0,False,1.9000000000000004,False
2023-04-01,13.5,19.4,7.9,0.0,False,-1.4000000000000004,False
2023-04-02,13.3,18.5,9.1,0.0,False,-0.1999999999999993,False
2023-04-03,12.9,17.6,9.6,0.0,False,-0.40000000000000036,False
2023-04-04,14.3,18.6,9.6,1.1,False,1.4000000000000004,False
2023-04-05,14.8,15.8,14.0,46.4,False,0.5,False
2023-04-06,11.9,15.3,8.2,0.4,False,-2.9000000000000004,False
2023-04-07,12.5,18.6,8.3,9.1,False,0.5999999999999996,False
2023-04-08,8.8,15.1,2.4,0.0,False,-3.6999999999999993,False
2023-04-09,9.6,16.7,1.7,0.0,False,0.7999999999999989,False
2023-04-10,11.6,16.9,5.4,0.0,False,2.0,False
2023-04-11,16.2,20.7,11.8,0.2,False,4.6,False
2023-04-12,13.2,18.5,8.0,0.0,False,-3.0,False
2023-04-13,12.8,19.8,5.4,0.0,False,-0.3999999999999986,False
2023-04-14,13.2,17.7,8.7,4.4,False,0.3999999999999986,False
2023-04-15,13.2,16.2,9.9,2.8,False,0.0,False
2023-04-16,10.8,15.8,6.8,2.7,False,-2.3999999999999986,False
2023-04-17,11.2,17.4,4.5,0.0,False,0.3999999999999986,False
2023-04-18,15.7,19.4,10.2,5.9,False,4.5,False
2023-04-19,16.6,18.6,14.7,2.8,False,0.9000000000000021,False
2023-04-20,18.8,26.3,13.5,0.0,False,2.1999999999999993,False
2023-04-21,15.8,18.2,11.4,0.0,False,-3.0,False
2023-04-22,12.6,15.4,10.7,0.0,False,-3.200000000000001,False
2023-04-23,11.9,15.7,9.0,0.0,False,-0.6999999999999993,False
2023-04-24,12.2,14.0,10.6,0.0,False,0.29999999999999893,False
2023-04-25,10.6,12.0,9.3,14.9,False,-1.5999999999999996,False
2023-04-26,12.2,18.7,6.8,0.1,False,1.5999999999999996,False
2023-04-27,12.5,17.8,6.0,0.0,False,0.3000000000000007,False
2023-04-28,14.6,19.2,8.0,0.3,False,2.0999999999999996,False
2023-04-29,16.7,20.2,12.7,20.7,False,2.0999999999999996,False
2023-04-30,13.7,19.2,7.8,0.0,False,-3.0,False
2023-05-01,14.8,21.4,9.1,0.0,False,1.1000000000000014,False
2023-05-02,15.0,20.9,8.6,0.0,False,0.1999999999999993,False
2023-05-03,15.7,19.5,11.3,0.4,False,0.6999999999999993,False
2023-05-04,16.8,20.4,13.6,6.6,False,1.1000000000000014,False
2023-05-05,18.0,20.0,16.1,57.0,False,1.1999999999999993,False
2023-05-06,15.4,18.8,11.5,47.3,False,-2.5999999999999996,False
2023-05-07,11.8,13.4,10.1,10.6,False,-3.5999999999999996,False
2023-05-08,12.5,18.1,6.9,0.0,False,0.6999999999999993,False
2023-05-09,14.9,23.1,7.1,0.0,False,2.4000000000000004,False
2023-05-10,16.6,23.7,10.2,0.0,False,1.700000000000001,False
2023-05-11,15.8,20.3,11.9,0.0,False,-0.8000000000000007,False
2023-05-12,16.1,20.9,10.7,0.7,False,0.3000000000000007,False
2023-05-13,14.9,16.4,13.0,15.8,False,-1.200000000000001,False
2023-05-14,16.4,21.3,10.1,0.0,False,1.4999999999999982,False
2023-05-15,17.9,23.6,12.0,0.0,False,1.5,False
2023-05-16,18.8,25.1,13.4,0.0,False,0.9000000000000021,False
2023-05-17,19.7,24.7,13.2,0.0,False,0.8999999999999986,False
2023-05-18,18.2,20.5,15.6,21.4,False,-1.5,False
2023-05-19,17.8,21.8,15.3,8.1,False,-0.3999999999999986,False
2023-05-20,17.2,22.5,12.7,0.0,False,-0.6000000000000014,False
2023-05-21,20.0,25.8,13.9,0.0,False,2.8000000000000007,False
2023-05-22,17.0,21.9,14.4,3.7,False,-3.0,False
2023-05-23,16.4,22.3,10.7,0.0,False,-0.6000000000000014,False
2023-05-24,16.8,21.6,11.6,0.0,False,0.40000000000000213,False
2023-05-25,17.9,22.0,13.2,0.0,False,1.0999999999999979,False
2023-05-26,18.9,22.3,15.3,1.2,False,1.0,False
2023-05-27,20.5,24.4,16.6,1.6,False,1.6000000000000014,False
2023-05-28,20.0,21.2,18.2,7.1,False,-0.5,False
2023-05-29,20.6,22.8,18.7,60.9,False,0.6000000000000014,False
2023-05-30,18.7,21.3,17.0,17.3,False,-1.9000000000000021,False
2023-05-31,18.5,22.3,15.6,0.0,False,-0.1999999999999993,False
2023-06-01,17.6,20.2,14.3,64.2,False,-0.8999999999999986,False
2023-06-02,22.1,29.4,17.6,6.4,False,4.5,False
2023-06-03,20.0,24.3,15.4,0.0,False,-2.1000000000000014,False
2023-06-04,20.7,26.8,15.8,0.0,False,0.6999999999999993,False
2023-06-05,21.4,26.1,17.0,0.0,False,0.6999999999999993,False
2023-06-06,19.2,22.0,17.2,0.2,False,-2.1999999999999993,False
2023-06-07,20.2,25.2,15.4,0.0,False,1.0,False
2023-06-08,19.7,22.8,17.5,0.2,False,-0.5,False
2023-06-09,20.5,25.8,16.3,0.0,False,0.8000000000000007,False
2023-06-10,21.1,25.2,17.1,0.0,False,0.6000000000000014,False
2023-06-11,21.2,24.6,18.0,3.7,False,0.09999999999999787,False
2023-06-12,21.6,25.8,19.0,2.3,False,0.40000000000000213,False
2023-06-13,21.5,25.1,18.4,2.0,False,-0.10000000000000142,False
2023-06-14,21.6,25.2,18.1,9.5,False,0.10000000000000142,False
2023-06-15,19.8,24.3,15.6,11.9,False,-1.8000000000000007,False
2023-06-16,22.5,28.5,16.6,0.0,False,2.6999999999999993,False
2023-06-17,23.2,28.0,18.2,0.0,False,0.6999999999999993,False
2023-06-18,24.5,30.9,19.7,0.0,False,1.3000000000000007,False
2023-06-19,23.4,29.0,19.2,0.0,False,-1.1000000000000014,False
2023-06-20,22.1,27.0,18.6,0.4,False,-1.2999999999999972,False
2023-06-21,21.7,23.8,20.4,31.5,False,-0.40000000000000213,False
2023-06-22,22.5,26.0,19.9,2.5,False,0.8000000000000007,False
2023-06-23,22.3,26.3,19.4,0.4,False,-0.1999999999999993,False
2023-06-24,21.7,26.3,18.9,0.0,False,-0.6000000000000014,False
2023-06-25,21.3,24.5,18.4,36.5,False,-0.3999999999999986,False
2023-06-26,22.9,24.8,20.8,24.7,False,1.5999999999999979,False
2023-06-27,23.5,25.5,21.9,15.5,False,0.6000000000000014,False
2023-06-28,23.2,27.2,20.3,63.4,False,-0.3000000000000007,False
2023-06-29,23.8,26.0,22.4,6.9,False,0.6000000000000014,False
2023-06-30,23.4,25.6,21.9,15.9,False,-0.40000000000000213,False
2023-07-01,22.7,25.6,20.8,1.6,False,-0.6999999999999993,False
2023-07-02,23.8,28.9,19.9,0.0,False,1.1000000000000014,False
2023-07-03,24.3,26.9,22.4,0.4,False,0.5,False
2023-07-04,23.3,26.9,20.8,14.2,False,-1.0,False
2023-07-05,26.0,31.5,22.7,38.1,False,2.6999999999999993,False
2023-07-06,23.9,28.9,19.6,0.0,False,-2.1000000000000014,False
2023-07-07,22.9,25.4,19.3,20.6,False,-1.0,False
2023-07-08,22.9,25.9,20.3,20.2,False,0.0,False
2023-07-09,24.5,28.2,21.7,1.6,False,1.6000000000000014,False
2023-07-10,24.8,27.2,22.3,1.3,False,0.3000000000000007,False
2023-07-11,24.0,26.0,22.7,6.4,False,-0.8000000000000007,False
2023-07-12,24.0,27.5,22.0,122.5,False,0.0,False
2023-07-13,24.3,25.9,22.7,20.3,False,0.3000000000000007,False
2023-07-14,24.9,26.0,23.6,21.8,False,0.5999999999999979,False
2023-07-15,26.1,29.0,23.7,6.9,False,1.2000000000000028,False
2023-07-16,24.7,29.1,22.7,38.2,False,-1.4000000000000021,False
2023-07-17,25.9,29.0,23.2,7.7,False,1.1999999999999993,False
2023-07-18,24.3,26.3,23.1,65.6,False,-1.5999999999999979,False
2023-07-19,24.0,27.3,22.0,7.5,False,-0.3000000000000007,False
2023-07-20,24.4,29.1,21.1,0.3,False,0.3999999999999986,False
2023-07-21,24.7,28.5,21.6,0.0,False,0.3000000000000007,False
2023-07-22,24.6,28.2,21.6,0.7,False,-0.09999999999999787,False
2023-07-23,25.8,27.9,24.2,7.8,False,1.1999999999999993,False
2023-07-24,25.7,28.0,24.2,5.8,False,-0.10000000000000142,False
2023-07-25,25.9,28.7,23.9,3.7,False,0.1999999999999993,False
2023-07-26,26.3,29.8,23.7,2.7,False,0.40000000000000213,False
2023-07-27,27.7,32.1,23.2,0.0,False,1.3999999999999986,False
2023-07-28,28.5,32.2,25.0,0.1,False,0.8000000000000007,False
2023-07-29,28.8,33.4,24.5,0.0,False,0.3000000000000007,False
2023-07-30,28.1,31.6,25.0,0.0,False,-0.6999999999999993,False
2023-07-31,28.3,33.0,24.2,0.8,False,0.1999999999999993,False
2023-08-01,28.2,32.3,24.3,0.0,False,-0.10000000000000142,False
2023-08-02,28.7,33.0,24.4,0.0,False,0.5,False
2023-08-03,29.5,33.8,24.9,0.0,False,0.8000000000000007,False
2023-08-04,29.6,34.2,25.6,0.0,False,0.10000000000000142,False
2023-08-05,29.6,33.5,25.6,0.0,False,0.0,False
2023-08-06,29.8,34.0,26.3,0.1,False,0.1999999999999993,False
2023-08-07,29.6,34.7,26.2,0.0,False,-0.1999999999999993,False
2023-08-08,28.4,33.3,25.3,0.0,False,-1.2000000000000028,False
2023-08-09,25.6,26.6,24.3,28.2,False,-2.799999999999997,False
2023-08-10,25.4,26.6,23.6,115.8,False,-0.20000000000000284,False
2023-08-11,26.0,28.8,23.4,2.4,False,0.6000000000000014,False
2023-08-12,26.4,29.6,24.3,2.4,False,0.3999999999999986,False
2023-08-13,25.6,30.4,21.5,0.1,False,-0.7999999999999972,False
2023-08-14,26.3,30.7,23.4,0.6,False,0.6999999999999993,False
2023-08-15,26.6,31.8,22.8,0.0,False,0.3000000000000007,False
2023-08-16,25.0,27.8,23.3,0.9,False,-1.6000000000000014,False
2023-08-17,25.0,27.5,22.6,0.8,False,0.0,False
2023-08-18,25.5,28.9,23.0,22.3,False,0.5,False
2023-08-19,26.3,29.6,23.8,13.1,False,0.8000000000000007,False
2023-08-20,27.4,31.1,24.6,5.1,False,1.0999999999999979,False
2023-08-21,27.1,30.9,23.3,0.1,False,-0.29999999999999716,False
2023-08-22,27.1,30.2,24.0,1.9,False,0.0,False
2023-08-23,27.4,30.6,24.9,2.5,False,0.29999999999999716,False
2023-08-24,24.9,27.6,23.5,61.3,False,-2.5,False
2023-08-25,26.3,30.2,22.5,0.8,False,1.4000000000000021,False
2023-08-26,26.0,29.9,22.5,0.1,False,-0.3000000000000007,False
2023-08-27,25.6,30.3,22.7,0.2,False,-0.3999999999999986,False
2023-08-28,25.9,28.9,23.5,1.1,False,0.29999999999999716,False
2023-08-29,25.9,28.1,24.5,17.3,False,0.0,False
2023-08-30,25.9,27.8,23.8,7.1,False,0.0,False
2023-08-31,25.3,28.0,23.9,11.6,False,-0.5999999999999979,False
2023-09-01,24.1,26.6,22.5,83.4,False,-1.1999999999999993,False
2023-09-02,24.3,28.3,22.3,29.6,False,0.1999999999999993,False
2023-09-03,25.2,29.3,22.1,1.4,False,0.8999999999999986,False
2023-09-04,25.7,29.2,22.7,0.9,False,0.5,False
2023-09-05,25.2,29.0,22.1,0.0,False,-0.5,False
2023-09-06,24.9,28.3,22.1,0.8,False,-0.3000000000000007,False
2023-09-07,23.7,28.4,20.5,0.2,False,-1.1999999999999993,False
2023-09-08,23.0,26.9,20.0,0.0,False,-0.6999999999999993,False
2023-09-09,22.0,27.2,16.8,0.0,False,-1.0,False
2023-09-10,22.9,27.8,18.3,0.3,False,0.8999999999999986,False
2023-09-11,23.8,27.9,20.0,3.0,False,0.9000000000000021,False
2023-09-12,24.4,28.2,21.0,0.8,False,0.5999999999999979,False
2023-09-13,23.8,26.7,21.1,2.9,False,-0.5999999999999979,False
2023-09-14,22.9,25.2,21.7,7.3,False,-0.9000000000000021,False
2023-09-15,24.3,27.5,21.7,7.4,False,1.4000000000000021,False
2023-09-16,23.8,25.9,21.8,10.0,False,-0.5,False
2023-09-17,24.0,26.1,22.7,14.9,False,0.1999999999999993,False
2023-09-18,24.2,28.1,20.7,1.6,False,0.1999999999999993,False
2023-09-19,24.1,29.1,20.6,0.0,False,-0.09999999999999787,False
2023-09-20,22.6,25.4,19.3,22.9,False,-1.5,False
2023-09-21,21.2,24.7,18.6,13.6,False,-1.4000000000000021,False
2023-09-22,20.6,24.2,18.3,0.4,False,-0.5999999999999979,False
2023-09-23,20.1,24.8,15.3,0.0,False,-0.5,False
2023-09-24,21.2,24.5,18.9,0.0,False,1.0999999999999979,False
2023-09-25,21.9,25.4,19.4,0.8,False,0.6999999999999993,False
2023-09-26,22.2,24.8,19.6,4.3,False,0.3000000000000007,False
2023-09-27,23.5,26.7,19.9,0.5,False,1.3000000000000007,False
2023-09-28,23.3,27.7,19.6,0.0,False,-0.1999999999999993,False
2023-09-29,21.3,27.2,16.3,1.1,False,-2.0,False
2023-09-30,18.8,21.5,16.4,5.1,False,-2.5,False
2023-10-01,18.4,23.4,14.5,0.0,False,-0.40000000000000213,False
2023-10-02,17.4,23.6,12.9,0.0,False,-1.0,False
2023-10-03,18.4,22.7,15.7,0.0,False,1.0,False
2023-10-04,18.1,24.1,12.8,0.0,False,-0.29999999999999716,False
2023-10-05,16.1,19.6,12.4,0.0,False,-2.0,False
2023-10-06,14.9,21.1,8.4,0.0,False,-1.200000000000001,False
2023-10-07,17.5,21.0,14.4,0.8,False,2.5999999999999996,False
2023-10-08,17.8,21.0,16.0,3.0,False,0.3000000000000007,False
2023-10-09,18.5,21.7,16.0,0.1,False,0.6999999999999993,False
2023-10-10,17.1,22.5,13.4,0.0,False,-1.3999999999999986,False
2023-10-11,17.2,21.6,14.0,0.0,False,0.09999999999999787,False
2023-10-12,16.6,22.3,11.9,0.0,False,-0.5999999999999979,False
2023-10-13,17.6,21.9,14.0,0.0,False,1.0,False
2023-10-14,16.9,22.2,11.6,0.0,False,-0.7000000000000028,False
2023-10-15,16.0,22.1,11.3,0.0,False,-0.8999999999999986,False
2023-10-16,15.7,21.3,10.9,0.0,False,-0.3000000000000007,False
2023-10-17,14.9,21.4,8.7,0.0,False,-0.7999999999999989,False
2023-10-18,15.1,21.8,8.6,0.0,False,0.1999999999999993,False
2023-10-19,17.2,22.9,12.5,0.5,False,2.0999999999999996,False
2023-10-20,14.0,17.7,9.3,1.3,False,-3.1999999999999993,False
2023-10-21,11.6,17.4,7.1,0.0,False,-2.4000000000000004,False
2023-10-22,12.2,18.1,5.0,0.0,False,0.5999999999999996,False
2023-10-23,13.8,21.0,6.5,0.0,False,1.6000000000000014,False
2023-10-24,13.8,20.2,8.1,0.0,False,0.0,False
2023-10-25,15.1,22.6,8.4,0.2,False,1.299999999999999,False
2023-10-26,15.6,23.3,9.1,0.0,False,0.5,False
2023-10-27,14.9,20.8,10.9,0.0,False,-0.6999999999999993,False
2023-10-28,13.8,20.7,7.6,0.0,False,-1.0999999999999996,False
2023-10-29,14.5,20.4,10.1,0.0,False,0.6999999999999993,False
2023-10-30,14.2,21.4,8.4,0.0,False,-0.3000000000000007,False
2023-10-31,14.6,22.9,7.6,0.0,False,0.40000000000000036,False
2023-11-01,15.6,22.5,8.3,0.0,False,1.0,False
2023-11-02,17.5,24.9,12.4,0.0,False,1.9000000000000004,False
2023-11-03,18.9,23.9,14.3,0.0,False,1.3999999999999986,False
2023-11-04,18.6,22.0,16.0,5.8,False,-0.29999999999999716,False
2023-11-05,18.8,22.2,14.6,0.3,False,0.1999999999999993,False
2023-11-06,18.2,21.1,11.5,16.3,False,-0.6000000000000014,False
2023-11-07,10.6,14.4,6.9,0.0,False,-7.6,True
2023-11-08,9.3,16.8,2.0,0.0,False,-1.299999999999999,False
2023-11-09,13.8,20.1,7.5,0.0,False,4.5,False
2023-11-10,11.3,15.0,5.0,4.1,False,-2.5,False
2023-11-11,7.3,13.7,3.2,0.0,False,-4.000000000000001,False
2023-11-12,4.0,8.1,1.7,0.0,False,-3.3,False
2023-11-13,3.4,8.9,-0.9,0.0,False,-0.6000000000000001,False
2023-11-14,5.0,11.7,-0.2,0.0,False,1.6,False
2023-11-15,6.6,13.3,1.9,0.0,False,1.5999999999999996,False
2023-11-16,7.1,12.8,1.8,9.7,False,0.5,False
2023-11-17,5.3,10.5,1.7,0.0,False,-1.7999999999999998,False
2023-11-18,2.9,7.7,-1.3,0.0,False,-2.4,False
2023-11-19,6.3,12.3,-0.2,0.0,False,3.4,False
2023-11-20,7.2,13.8,2.2,0.0,False,0.9000000000000004,False
2023-11-21,7.4,14.7,1.2,0.0,False,0.20000000000000018,False
2023-11-22,9.9,17.6,3.9,0.0,False,2.5,False
2023-11-23,13.7,19.3,10.0,0.0,False,3.799999999999999,False
2023-11-24,3.9,10.4,-0.5,0.0,False,-9.799999999999999,True
2023-11-25,1.0,7.0,-4.5,0.0,False,-2.9,False
2023-11-26,4.1,11.1,-1.8,0.0,False,3.0999999999999996,False
2023-11-27,8.3,14.9,1.9,0.0,False,4.200000000000001,False
2023-11-28,6.1,10.3,1.4,0.0,False,-2.200000000000001,False
2023-11-29,4.4,8.6,-1.1,0.0,False,-1.6999999999999993,False
2023-11-30,-0.1,5.8,-4.3,0.0,False,-4.5,False
2023-12-01,0.1,5.6,-3.0,0.0,False,0.2,False
2023-12-02,2.2,8.3,-3.2,0.0,False,2.1,False
2023-12-03,4.3,9.7,-0.9,0.0,False,2.0999999999999996,False
2023-12-04,3.3,11.0,-3.9,0.0,False,-1.0,False
2023-12-05,6.2,13.4,1.0,0.0,False,2.9000000000000004,False
2023-12-06,6.4,13.3,-2.0,0.9,False,0.20000000000000018,False
2023-12-07,6.8,11.3,2.9,0.0,False,0.39999999999999947,False
2023-12-08,11.1,17.7,3.3,0.0,False,4.3,False
2023-12-09,14.0,19.3,9.8,0.0,False,2.9000000000000004,False
2023-12-10,11.8,17.9,6.5,0.0,False,-2.1999999999999993,False
2023-12-11,13.7,14.9,12.1,33.3,False,1.8999999999999986,False
2023-12-12,9.1,13.4,6.7,2.3,False,-4.6,False
2023-12-13,8.6,13.1,4.6,0.0,False,-0.5,False
2023-12-14,10.9,13.8,8.1,29.4,False,2.3000000000000007,False
2023-12-15,12.3,16.6,7.5,30.9,False,1.4000000000000004,False
2023-12-16,3.4,8.1,-2.4,0.6,False,-8.9,True
2023-12-17,-5.0,-1.8,-8.1,0.0,False,-8.4,True
2023-12-18,-3.3,1.7,-7.4,0.1,False,1.7000000000000002,False
2023-12-19,-0.3,5.3,-4.3,0.3,False,3.0,False
2023-12-20,-1.4,2.4,-4.9,0.0,False,-1.0999999999999999,False
2023-12-21,-5.7,-2.3,-8.2,0.0,False,-4.300000000000001,False
2023-12-22,-6.3,-3.1,-9.1,0.0,False,-0.5999999999999996,False
2023-12-23,-3.9,1.6,-7.2,0.0,False,2.4,False
2023-12-24,-1.4,4.8,-5.8,0.1,False,2.5,False
2023-12-25,-1.4,4.2,-5.2,0.0,False,0.0,False
2023-12-26,0.7,7.0,-4.1,0.0,False,2.0999999999999996,False
2023-12-27,2.8,9.9,-3.9,0.0,False,2.0999999999999996,False
2023-12-28,2.6,9.9,-3.2,0.0,False,-0.19999999999999973,False
2023-12-29,2.0,8.5,-4.5,0.0,False,-0.6000000000000001,False
2023-12-30,3.1,10.1,-4.5,1.5,False,1.1,False
2023-12-31,5.4,8.9,2.0,1.4,False,2.3000000000000003,False
2024-01-01,4.2,9.5,-0.3,0.0,False,-1.2000000000000002,False
2024-01-02,4.8,9.9,1.3,0.0,False,0.5999999999999996,False
2024-01-03,3.3,7.3,0.5,0.6,False,-1.5,False
2024-01-04,1.6,7.5,-3.8,0.0,False,-1.6999999999999997,False
2024-01-05,4.0,11.3,-1.5,0.0,False,2.4,False
2024-01-06,2.6,7.9,-1.9,0.0,False,-1.4,False
2024-01-07,-0.8,2.7,-4.1,0.0,False,-3.4000000000000004,False
2024-01-08,-2.4,3.6,-7.5,0.0,False,-1.5999999999999999,False
2024-01-09,-0.3,5.4,-5.6,1.5,False,2.1,False
2024-01-10,3.4,8.5,-1.0,5.7,False,3.6999999999999997,False
2024-01-11,1.7,8.1,-3.9,0.0,False,-1.7,False
2024-01-12,2.5,9.3,-3.3,0.0,False,0.8,False
2024-01-13,0.9,6.4,-2.5,0.0,False,-1.6,False
2024-01-14,4.7,12.2,-3.8,0.0,False,3.8000000000000003,False
2024-01-15,1.6,7.5,-4.3,0.0,False,-3.1,False
2024-01-16,0.5,7.5,-6.3,0.0,False,-1.1,False
2024-01-17,2.8,8.6,-3.6,0.3,False,2.3,False
2024-01-18,9.0,11.4,6.9,16.8,False,6.2,True
2024-01-19,6.6,7.8,5.7,0.4,False,-2.4000000000000004,False
2024-01-20,7.2,8.3,5.8,24.8,False,0.6000000000000005,False
2024-01-21,6.5,8.6,5.5,2.2,False,-0.7000000000000002,False
2024-01-22,-0.4,5.3,-5.8,1.1,False,-6.9,True
2024-01-23,-6.1,-1.7,-8.9,0.0,False,-5.699999999999999,False
2024-01-24,-5.7,-1.1,-10.0,0.0,False,0.39999999999999947,False
2024-01-25,-3.6,2.0,-7.7,0.0,False,2.1,False
2024-01-26,-0.4,6.1,-4.2,0.0,False,3.2,False
2024-01-27,0.7,7.5,-3.2,0.0,False,1.1,False
2024-01-28,0.5,6.0,-4.4,0.0,False,-0.19999999999999996,False
2024-01-29,-0.6,7.2,-6.1,0.0,False,-1.1,False
2024-01-30,1.2,9.3,-6.6,0.0,False,1.7999999999999998,False
2024-01-31,6.5,11.3,3.3,0.1,False,5.3,False
2024-02-01,5.8,7.4,4.6,3.5,False,-0.7000000000000002,False
2024-02-02,5.1,8.1,3.3,0.2,False,-0.7000000000000002,False
2024-02-03,5.7,8.6,3.9,3.8,False,0.6000000000000005,False
2024-02-04,6.7,9.2,4.8,2.5,False,1.0,False
2024-02-05,5.9,7.0,3.4,18.8,False,-0.7999999999999998,False
2024-02-06,4.2,7.2,2.3,0.4,False,-1.7000000000000002,False
2024-02-07,2.5,7.6,-1.9,0.0,False,-1.7000000000000002,False
2024-02-08,2.4,8.6,-3.4,0.0,False,-0.10000000000000009,False
2024-02-09,3.0,9.2,-1.3,0.0,False,0.6000000000000001,False
2024-02-10,2.3,8.6,-2.3,0.0,False,-0.7000000000000002,False
2024-02-11,2.2,9.1,-3.2,0.0,False,-0.09999999999999964,False
2024-02-12,2.6,9.3,-3.5,0.0,False,0.3999999999999999,False
2024-02-13,7.0,14.9,-0.4,0.0,False,4.4,False
2024-02-14,11.1,14.8,6.3,3.8,False,4.1,False
2024-02-15,10.3,17.4,3.5,1.1,False,-0.7999999999999989,False
2024-02-16,3.8,8.3,0.2,0.0,False,-6.500000000000001,True
2024-02-17,4.2,11.5,-3.4,0.0,False,0.40000000000000036,False
2024-02-18,8.7,14.3,1.3,10.1,False,4.499999999999999,False
2024-02-19,15.6,20.3,12.4,43.6,False,6.9,True
2024-02-20,8.6,11.2,6.7,5.1,False,-7.0,True
2024-02-21,6.9,8.3,5.6,7.5,False,-1.6999999999999993,False
2024-02-22,4.1,5.6,2.9,4.3,False,-2.8000000000000007,False
2024-02-23,3.4,6.1,2.0,0.3,False,-0.6999999999999997,False
2024-02-24,4.2,6.7,2.1,0.8,False,0.8000000000000003,False
2024-02-25,4.8,8.0,2.9,2.6,False,0.5999999999999996,False
2024-02-26,4.1,8.7,0.2,0.0,False,-0.7000000000000002,False
2024-02-27,3.7,7.1,1.4,0.0,False,-0.39999999999999947,False
2024-02-28,4.5,10.5,-0.8,0.0,False,0.7999999999999998,False
2024-02-29,5.0,6.7,3.0,10.6,False,0.5,False
2024-03-01,0.5,3.7,-3.7,0.0,False,-4.5,False
2024-03-02,-1.3,4.1,-6.8,0.0,False,-1.8,False
2024-03-03,4.4,9.4,-1.2,0.0,False,5.7,False
2024-03-04,5.8,12.5,-2.2,0.0,False,1.3999999999999995,False
2024-03-05,7.8,8.6,7.1,12.5,False,2.0,False
2024-03-06,7.1,10.2,4.7,0.0,False,-0.7000000000000002,False
2024-03-07,5.6,8.5,2.6,0.9,False,-1.5,False
2024-03-08,3.3,8.8,-1.0,0.0,False,-2.3,False
2024-03-09,1.9,8.1,-3.8,0.0,False,-1.4,False
2024-03-10,3.6,11.0,-3.9,0.0,False,1.7000000000000002,False
2024-03-11,6.0,12.1,-0.6,4.9,False,2.4,False
2024-03-12,6.6,12.8,1.3,8.0,False,0.5999999999999996,False
2024-03-13,5.4,12.9,-1.8,0.0,False,-1.1999999999999993,False
2024-03-14,7.2,15.1,0.3,0.0,False,1.7999999999999998,False
2024-03-15,8.2,17.2,0.2,0.0,False,0.9999999999999991,False
2024-03-16,10.0,17.1,1.6,0.0,False,1.8000000000000007,False
2024-03-17,12.2,18.8,7.6,0.0,False,2.1999999999999993,False
2024-03-18,7.5,12.8,2.6,0.0,False,-4.699999999999999,False
2024-03-19,9.7,15.4,4.6,1.0,False,2.1999999999999993,False
2024-03-20,5.2,10.1,1.5,0.0,False,-4.499999999999999,False
2024-03-21,4.8,11.1,-1.2,0.0,False,-0.40000000000000036,False
2024-03-22,9.0,13.2,2.0,4.7,False,4.2,False
2024-03-23,15.2,21.8,11.2,7.7,False,6.199999999999999,True
2024-03-24,10.5,11.9,9.7,4.7,False,-4.699999999999999,False
2024-03-25,10.2,11.9,8.5,7.6,False,-0.3000000000000007,False
2024-03-26,7.5,9.7,4.5,15.5,False,-2.6999999999999993,False
2024-03-27,7.8,13.7,0.6,0.0,False,0.2999999999999998,False
2024-03-28,11.6,13.8,9.1,52.1,False,3.8,False
2024-03-29,11.0,16.4,3.5,0.0,False,-0.5999999999999996,False
2024-03-30,11.4,16.8,4.8,2.1,False,0.40000000000000036,False
2024-03-31,10.5,16.0,4.7,0.0,False,-0.9000000000000004,False
2024-04-01,11.9,19.9,4.9,0.0,False,1.4000000000000004,False
2024-04-02,13.3,19.4,7.1,4.3,False,1.4000000000000004,False
2024-04-03,12.6,14.5,10.5,52.7,False,-0.7000000000000011,False
2024-04-04,11.4,15.1,7.9,0.0,False,-1.1999999999999993,False
2024-04-05,11.5,15.8,8.0,0.0,False,0.09999999999999964,False
2024-04-06,12.1,18.7,6.3,0.0,False,0.5999999999999996,False
2024-04-07,14.2,21.5,7.5,0.0,False,2.0999999999999996,False
2024-04-08,15.2,20.6,10.6,0.9,False,1.0,False
2024-04-09,11.4,14.6,7.8,0.6,False,-3.799999999999999,False
2024-04-10,10.4,14.8,5.9,0.0,False,-1.0,False
2024-04-11,12.6,18.0,7.5,0.0,False,2.1999999999999993,False
2024-04-12,14.6,21.0,7.7,0.0,False,2.0,False
2024-04-13,16.3,23.1,9.8,0.0,False,1.700000000000001,False
2024-04-14,16.5,21.7,10.5,0.0,False,0.1999999999999993,False
2024-04-15,15.5,17.9,13.1,13.3,False,-1.0,False
2024-04-16,16.2,22.7,12.4,0.0,False,0.6999999999999993,False
2024-04-17,14.4,20.2,9.0,0.0,False,-1.799999999999999,False
2024-04-18,15.1,22.1,9.3,0.0,False,0.6999999999999993,False
2024-04-19,16.0,23.5,9.1,0.0,False,0.9000000000000004,False
2024-04-20,14.5,16.8,12.3,10.0,False,-1.5,False
2024-04-21,15.0,16.2,14.1,2.4,False,0.5,False
2024-04-22,14.6,17.4,12.7,0.0,False,-0.40000000000000036,False
2024-04-23,13.7,16.9,11.8,11.4,False,-0.9000000000000004,False
2024-04-24,14.1,19.7,10.2,1.5,False,0.40000000000000036,False
2024-04-25,14.9,23.4,7.9,0.0,False,0.8000000000000007,False
2024-04-26,14.6,18.4,10.8,0.0,False,-0.3000000000000007,False
2024-04-27,17.1,24.4,9.6,0.0,False,2.5000000000000018,False
2024-04-28,17.8,23.0,13.0,0.0,False,0.6999999999999993,False
2024-04-29,14.3,15.9,13.7,31.5,False,-3.5,False
2024-04-30,15.5,19.9,11.3,1.1,False,1.1999999999999993,False
2024-05-01,12.8,14.3,10.3,0.6,False,-2.6999999999999993,False
2024-05-02,13.1,19.5,8.2,0.0,False,0.29999999999999893,False
2024-05-03,14.6,21.1,7.5,0.0,False,1.5,False
2024-05-04,16.9,22.7,9.2,0.0,False,2.299999999999999,False
2024-05-05,17.9,19.3,17.2,36.6,False,1.0,False
2024-05-06,18.0,20.5,15.1,27.5,False,0.10000000000000142,False
2024-05-07,14.7,18.7,11.9,6.2,False,-3.3000000000000007,False
2024-05-08,12.8,16.4,9.2,1.9,False,-1.8999999999999986,False
2024-05-09,13.7,19.5,6.4,0.0,False,0.8999999999999986,False
2024-05-10,16.7,23.6,10.2,0.0,False,3.0,False
2024-05-11,17.7,20.8,13.8,1.2,False,1.0,False
2024-05-12,19.2,23.5,15.7,14.5,False,1.5,False
2024-05-13,16.2,22.1,11.0,0.0,False,-3.0,False
2024-05-14,17.4,24.6,10.3,0.0,False,1.1999999999999993,False
2024-05-15,17.3,22.9,11.8,4.0,False,-0.09999999999999787,False
2024-05-16,14.3,20.6,8.2,1.8,False,-3.0,False
2024-05-17,16.4,23.0,9.4,0.0,False,2.099999999999998,False
2024-05-18,17.9,24.4,11.3,0.0,False,1.5,False
2024-05-19,19.6,28.9,12.0,0.0,False,1.7000000000000028,False
2024-05-20,19.7,29.5,13.1,0.0,False,0.09999999999999787,False
2024-05-21,17.0,21.8,13.8,0.0,False,-2.6999999999999993,False
2024-05-22,17.7,24.2,11.7,0.0,False,0.6999999999999993,False
2024-05-23,21.1,27.7,14.4,0.0,False,3.400000000000002,False
2024-05-24,19.7,24.9,15.9,0.0,False,-1.4000000000000021,False
2024-05-25,17.7,21.4,15.1,0.0,False,-2.0,False
2024-05-26,18.9,23.5,13.4,8.6,False,1.1999999999999993,False
2024-05-27,21.5,26.5,18.8,10.7,False,2.6000000000000014,False
2024-05-28,18.7,23.7,14.5,0.0,False,-2.8000000000000007,False
2024-05-29,17.8,24.5,10.9,0.0,False,-0.8999999999999986,False
2024-05-30,19.5,24.6,15.7,0.0,False,1.6999999999999993,False
2024-05-31,20.3,26.7,16.6,0.1,False,0.8000000000000007,False
2024-06-01,20.3,26.7,15.8,0.2,False,0.0,False
2024-06-02,18.8,24.3,14.3,1.1,False,-1.5,False
2024-06-03,18.0,21.7,14.1,1.1,False,-0.8000000000000007,False
2024-06-04,18.2,24.1,13.0,0.0,False,0.1999999999999993,False
2024-06-05,18.6,24.5,11.9,0.0,False,0.40000000000000213,False
2024-06-06,19.8,24.2,15.6,0.0,False,1.1999999999999993,False
2024-06-07,21.8,27.0,16.9,0.0,False,2.0,False
2024-06-08,20.0,23.1,18.4,25.9,False,-1.8000000000000007,False
2024-06-09,20.7,23.6,18.1,3.6,False,0.6999999999999993,False
2024-06-10,21.7,27.4,16.9,0.0,False,1.0,False
2024-06-11,22.7,29.7,16.8,0.0,False,1.0,False
2024-06-12,23.4,29.1,17.7,0.0,False,0.6999999999999993,False
2024-06-13,24.7,30.9,19.6,0.0,False,1.3000000000000007,False
2024-06-14,24.5,29.0,19.6,0.0,False,-0.1999999999999993,False
2024-06-15,25.4,31.2,20.4,1.3,False,0.8999999999999986,False
2024-06-16,24.6,32.1,19.2,1.5,False,-0.7999999999999972,False
2024-06-17,23.1,27.5,18.9,0.0,False,-1.5,False
2024-06-18,24.6,31.7,17.1,0.1,False,1.5,False
2024-06-19,26.3,32.8,21.1,0.0,False,1.6999999999999993,False
2024-06-20,22.8,25.8,19.8,0.4,False,-3.5,False
2024-06-21,23.7,27.8,20.0,0.0,False,0.8999999999999986,False
2024-06-22,22.7,23.8,21.8,55.5,False,-1.0,False
2024-06-23,24.2,27.8,22.2,2.1,False,1.5,False
2024-06-24,23.4,26.8,20.8,0.1,False,-0.8000000000000007,False
2024-06-25,22.8,27.2,19.8,0.0,False,-0.5999999999999979,False
2024-06-26,22.1,26.2,17.9,0.0,False,-0.6999999999999993,False
2024-06-27,20.7,24.0,17.4,7.3,False,-1.4000000000000021,False
2024-06-28,22.7,27.4,18.7,0.6,False,2.0,False
2024-06-29,22.5,25.1,19.8,99.6,False,-0.1999999999999993,False
2024-06-30,23.5,24.1,22.9,36.9,False,1.0,False
2024-07-01,24.6,27.7,22.2,0.6,False,1.1000000000000014,False
2024-07-02,23.9,27.1,21.9,26.5,False,-0.7000000000000028,False
2024-07-03,25.6,28.5,24.0,1.6,False,1.7000000000000028,False
2024-07-04,25.6,30.2,22.6,0.0,False,0.0,False
2024-07-05,25.7,29.0,23.3,0.2,False,0.09999999999999787,False
2024-07-06,25.2,27.6,23.4,0.6,False,-0.5,False
2024-07-07,25.9,29.3,24.0,0.1,False,0.6999999999999993,False
2024-07-08,25.3,27.8,24.1,0.4,False,-0.5999999999999979,False
2024-07-09,24.9,27.8,22.7,19.6,False,-0.40000000000000213,False
2024-07-10,24.7,27.8,21.8,27.0,False,-0.1999999999999993,False
2024-07-11,22.9,25.5,21.1,0.4,False,-1.8000000000000007,False
2024-07-12,24.5,29.1,21.3,0.3,False,1.6000000000000014,False
2024-07-13,24.1,26.8,21.1,0.8,False,-0.3999999999999986,False
2024-07-14,23.6,26.1,21.8,29.3,False,-0.5,False
2024-07-15,23.9,28.2,21.7,8.7,False,0.29999999999999716,False
2024-07-16,23.3,25.5,22.1,21.4,False,-0.5999999999999979,False
2024-07-17,25.4,28.9,23.3,2.7,False,2.099999999999998,False
2024-07-18,24.8,26.3,23.5,13.2,False,-0.5999999999999979,False
2024-07-19,24.6,27.4,23.3,32.2,False,-0.1999999999999993,False
2024-07-20,25.5,27.7,22.5,1.1,False,0.8999999999999986,False
2024-07-21,27.5,30.7,25.4,1.7,False,2.0,False
2024-07-22,27.3,30.5,25.2,1.1,False,-0.1999999999999993,False
2024-07-23,27.4,30.0,24.6,5.8,False,0.09999999999999787,False
2024-07-24,25.5,28.1,23.4,16.1,False,-1.8999999999999986,False
2024-07-25,27.5,31.1,24.4,4.5,False,2.0,False
2024-07-26,27.3,31.4,24.0,3.0,False,-0.1999999999999993,False
2024-07-27,27.8,30.5,25.1,3.6,False,0.5,False
2024-07-28,28.1,31.2,25.7,1.3,False,0.3000000000000007,False
2024-07-29,28.3,33.4,25.4,0.0,False,0.1999999999999993,False
2024-07-30,28.8,34.5,23.6,0.0,False,0.5,False
2024-07-31,28.9,33.5,25.5,0.0,False,0.09999999999999787,False
2024-08-01,28.4,32.0,24.8,0.0,False,-0.5,False
2024-08-02,28.9,32.8,25.6,0.0,False,0.5,False
2024-08-03,30.2,34.8,26.6,3.5,False,1.3000000000000007,False
2024-08-04,29.0,33.0,26.4,2.7,False,-1.1999999999999993,False
2024-08-05,28.3,31.7,25.4,2.3,False,-0.6999999999999993,False
2024-08-06,27.4,31.5,24.3,3.3,False,-0.9000000000000021,False
2024-08-07,28.3,32.2,25.2,2.1,False,0.9000000000000021,False
2024-08-08,28.2,33.1,25.1,16.4,False,-0.10000000000000142,False
2024-08-09,27.6,31.8,24.4,1.2,False,-0.5999999999999979,False
2024-08-10,27.4,31.5,24.1,0.0,False,-0.20000000000000284,False
2024-08-11,27.0,31.5,23.4,0.0,False,-0.3999999999999986,False
2024-08-12,27.0,31.1,23.3,0.0,False,0.0,False
2024-08-13,27.2,31.6,23.3,0.0,False,0.1999999999999993,False
2024-08-14,27.3,31.1,23.6,1.3,False,0.10000000000000142,False
2024-08-15,27.3,31.0,24.1,5.2,False,0.0,False
2024-08-16,27.3,31.2,23.9,0.7,False,0.0,False
2024-08-17,27.3,30.7,24.3,1.6,False,0.0,False
2024-08-18,26.9,30.4,23.9,0.0,False,-0.40000000000000213,False
2024-08-19,28.0,32.1,23.8,1.6,False,1.1000000000000014,False
2024-08-20,27.4,30.2,24.4,42.2,False,-0.6000000000000014,False
2024-08-21,27.6,29.8,25.5,23.9,False,0.20000000000000284,False
2024-08-22,28.3,30.4,26.8,4.9,False,0.6999999999999993,False
2024-08-23,28.1,31.7,24.4,0.0,False,-0.1999999999999993,False
2024-08-24,27.8,31.9,24.2,0.2,False,-0.3000000000000007,False
2024-08-25,27.3,30.8,23.8,3.1,False,-0.5,False
2024-08-26,27.3,30.9,23.9,4.3,False,0.0,False
2024-08-27,25.4,28.1,23.1,1.4,False,-1.9000000000000021,False
2024-08-28,25.4,29.2,23.3,4.7,False,0.0,False
2024-08-29,25.9,28.9,23.7,5.1,False,0.5,False
2024-08-30,27.3,31.7,24.5,0.2,False,1.4000000000000021,False
2024-08-31,25.5,30.3,21.3,0.0,False,-1.8000000000000007,False
2024-09-01,25.5,30.2,21.6,0.0,False,0.0,False
2024-09-02,25.7,29.1,23.0,1.8,False,0.1999999999999993,False
2024-09-03,24.3,26.5,22.3,0.3,False,-1.3999999999999986,False
2024-09-04,24.1,28.0,21.1,0.0,False,-0.1999999999999993,False
2024-09-05,24.6,30.3,18.4,0.0,False,0.5,False
2024-09-06,25.9,29.4,22.9,2.6,False,1.2999999999999972,False
2024-09-07,26.1,29.3,22.2,2.4,False,0.20000000000000284,False
2024-09-08,26.3,29.9,23.3,3.9,False,0.1999999999999993,False
2024-09-09,26.6,30.5,23.8,0.0,False,0.3000000000000007,False
2024-09-10,27.6,31.9,23.9,0.0,False,1.0,False
2024-09-11,26.3,28.5,24.8,26.8,False,-1.3000000000000007,False
2024-09-12,26.5,30.1,23.3,0.5,False,0.1999999999999993,False
2024-09-13,27.1,30.8,24.1,0.4,False,0.6000000000000014,False
2024-09-14,27.4,31.6,23.8,0.4,False,0.29999999999999716,False
2024-09-15,26.7,29.2,24.7,1.0,False,-0.6999999999999993,False
2024-09-16,27.2,30.7,25.0,1.5,False,0.5,False
2024-09-17,27.8,32.0,23.8,1.9,False,0.6000000000000014,False
2024-09-18,28.5,32.3,25.6,0.0,False,0.6999999999999993,False
2024-09-19,27.9,32.0,23.9,0.0,False,-0.6000000000000014,False
2024-09-20,26.6,29.8,25.2,25.2,False,-1.2999999999999972,False
2024-09-21,23.3,25.1,21.1,170.7,False,-3.3000000000000007,False
2024-09-22,21.9,24.5,20.0,0.2,False,-1.4000000000000021,False
2024-09-23,20.5,23.3,17.6,0.0,False,-1.3999999999999986,False
2024-09-24,20.7,24.8,17.1,0.0,False,0.1999999999999993,False
2024-09-25,22.2,26.1,19.4,0.1,False,1.5,False
2024-09-26,22.9,27.7,18.8,0.5,False,0.6999999999999993,False
2024-09-27,22.8,27.2,19.6,1.8,False,-0.09999999999999787,False
2024-09-28,22.7,26.3,20.1,0.6,False,-0.10000000000000142,False
2024-09-29,22.1,25.0,19.2,0.1,False,-0.5999999999999979,False
2024-09-30,21.4,26.0,17.8,0.1,False,-0.7000000000000028,False
2024-10-01,21.3,27.1,17.3,0.9,False,-0.09999999999999787,False
2024-10-02,17.3,20.8,14.6,0.1,False,-4.0,False
2024-10-03,17.5,19.4,15.9,10.8,False,0.1999999999999993,False
2024-10-04,17.7,22.3,14.4,1.2,False,0.1999999999999993,False
2024-10-05,18.3,23.1,13.9,0.0,False,0.6000000000000014,False
2024-10-06,18.6,22.0,15.6,6.0,False,0.3000000000000007,False
2024-10-07,16.5,18.7,14.8,8.4,False,-2.1000000000000014,False
2024-10-08,18.1,22.9,15.3,1.3,False,1.6000000000000014,False
2024-10-09,17.8,21.0,15.5,0.6,False,-0.3000000000000007,False
2024-10-10,17.5,23.3,13.2,0.2,False,-0.3000000000000007,False
2024-10-11,17.3,22.7,12.1,0.0,False,-0.1999999999999993,False
2024-10-12,17.3,23.8,11.5,0.0,False,0.0,False
2024-10-13,18.7,23.4,13.3,0.0,False,1.3999999999999986,False
2024-10-14,20.1,22.2,18.6,15.4,False,1.4000000000000021,False
2024-10-15,21.1,23.8,19.1,30.6,False,1.0,False
2024-10-16,19.9,24.2,15.5,0.0,False,-1.2000000000000028,False
2024-10-17,19.7,22.6,16.8,0.0,False,-0.1999999999999993,False
2024-10-18,21.6,25.8,19.0,33.3,False,1.9000000000000021,False
2024-10-19,19.3,24.2,13.8,7.9,False,-2.3000000000000007,False
2024-10-20,14.8,16.4,12.8,0.0,False,-4.5,False
2024-10-21,19.1,22.1,16.0,0.2,False,4.300000000000001,False
2024-10-22,20.1,22.8,17.7,136.8,False,1.0,False
2024-10-23,16.3,19.3,12.0,0.5,False,-3.8000000000000007,False
2024-10-24,13.2,20.2,6.5,0.0,False,-3.1000000000000014,False
2024-10-25,17.2,21.5,12.8,0.0,False,4.0,False
2024-10-26,17.6,21.2,14.8,0.0,False,0.40000000000000213,False
2024-10-27,15.7,19.9,11.6,3.2,False,-1.9000000000000021,False
2024-10-28,15.5,20.4,11.1,1.4,False,-0.1999999999999993,False
2024-10-29,16.4,20.3,13.3,0.0,False,0.8999999999999986,False
2024-10-30,14.9,21.6,9.1,0.0,False,-1.4999999999999982,False
2024-10-31,16.5,20.9,14.0,0.0,False,1.5999999999999996,False
2024-11-01,14.9,15.7,13.9,46.6,False,-1.5999999999999996,False
2024-11-02,17.3,20.5,14.4,27.6,False,2.4000000000000004,False
2024-11-03,15.3,19.9,10.8,0.0,False,-2.0,False
2024-11-04,14.1,20.1,8.4,0.0,False,-1.200000000000001,False
2024-11-05,12.8,17.3,9.2,0.0,False,-1.299999999999999,False
2024-11-06,8.2,13.2,4.4,0.0,False,-4.600000000000001,False
2024-11-07,10.5,17.1,3.8,0.0,False,2.3000000000000007,False
2024-11-08,13.0,17.0,9.5,0.1,False,2.5,False
2024-11-09,13.4,18.9,9.3,0.0,False,0.40000000000000036,False
2024-11-10,14.4,18.6,11.3,0.0,False,1.0,False
2024-11-11,13.0,19.9,7.3,0.0,False,-1.4000000000000004,False
2024-11-12,12.5,18.9,7.9,0.0,False,-0.5,False
2024-11-13,13.9,18.6,10.3,0.2,False,1.4000000000000004,False
2024-11-14,14.4,19.3,11.0,0.0,False,0.5,False
2024-11-15,14.9,19.3,11.5,0.1,False,0.5,False
2024-11-16,17.0,21.7,14.4,0.0,False,2.0999999999999996,False
2024-11-17,12.5,16.7,7.1,0.0,False,-4.5,False
2024-11-18,5.6,10.3,1.2,0.0,False,-6.9,True
2024-11-19,7.9,13.2,4.6,0.0,False,2.3000000000000007,False
2024-11-20,7.7,13.3,2.6,0.0,False,-0.20000000000000018,False
2024-11-21,9.2,13.9,5.5,0.0,False,1.4999999999999991,False
2024-11-22,7.4,12.2,4.1,0.0,False,-1.799999999999999,False
2024-11-23,7.4,12.8,4.0,0.0,False,0.0,False
2024-11-24,8.5,13.9,5.1,0.0,False,1.0999999999999996,False
2024-11-25,10.2,14.8,4.8,0.0,False,1.6999999999999993,False
2024-11-26,10.9,14.4,4.8,27.4,False,0.7000000000000011,False
2024-11-27,4.7,7.0,1.6,0.2,False,-6.2,True
2024-11-28,5.0,9.8,1.1,0.0,False,0.2999999999999998,False
2024-11-29,4.2,8.0,0.1,0.0,False,-0.7999999999999998,False
2024-11-30,5.8,11.0,2.3,0.0,False,1.5999999999999996,False
2024-12-01,6.6,13.2,-0.3,0.1,False,0.7999999999999998,False
2024-12-02,9.8,16.0,4.7,0.0,False,3.200000000000001,False
2024-12-03,5.7,9.9,2.3,0.0,False,-4.1000000000000005,False
2024-12-04,3.2,8.4,-0.2,0.0,False,-2.5,False
2024-12-05,4.1,9.2,-0.3,0.0,False,0.8999999999999995,False
2024-12-06,4.9,9.1,1.6,0.0,False,0.8000000000000007,False
2024-12-07,2.8,7.4,-1.1,0.0,False,-2.1000000000000005,False
2024-12-08,0.7,4.9,-2.4,0.0,False,-2.0999999999999996,False
2024-12-09,1.2,6.1,-2.3,0.0,False,0.5,False
2024-12-10,2.3,7.7,-1.8,0.0,False,1.0999999999999999,False
2024-12-11,3.2,10.4,-2.5,0.0,False,0.9000000000000004,False
2024-12-12,2.4,7.9,-1.9,0.0,False,-0.8000000000000003,False
2024-12-13,1.8,6.4,-1.6,0.0,False,-0.5999999999999999,False
2024-12-14,0.3,4.6,-2.8,0.0,False,-1.5,False
2024-12-15,2.0,5.9,-1.9,0.0,False,1.7,False
2024-12-16,1.7,8.4,-2.8,0.0,False,-0.30000000000000004,False
2024-12-17,1.6,6.3,-1.3,0.0,False,-0.09999999999999987,False
2024-12-18,-0.6,3.0,-3.4,0.0,False,-2.2,False
2024-12-19,0.4,7.2,-3.6,0.0,False,1.0,False
2024-12-20,1.5,8.0,-2.4,0.0,False,1.1,False
2024-12-21,1.8,6.2,-1.5,0.0,False,0.30000000000000004,False
2024-12-22,-2.2,1.6,-5.3,0.0,False,-4.0,False
2024-12-23,0.8,6.8,-3.0,0.0,False,3.0,False
2024-12-24,0.9,6.9,-3.6,0.0,False,0.09999999999999998,False
2024-12-25,1.5,7.4,-3.6,0.0,False,0.6,False
2024-12-26,2.9,7.9,-0.6,0.0,False,1.4,False
2024-12-27,-0.6,3.4,-3.8,0.0,False,-3.5,False
2024-12-28,-1.0,2.5,-3.3,0.0,False,-0.4,False
2024-12-29,0.4,6.5,-3.6,0.0,False,1.4,False
2024-12-30,4.0,10.2,-1.8,0.0,False,3.6,False
2024-12-31,2.5,5.9,-2.5,0.0,False,-1.5,False
2025-01-01,0.9,7.4,-3.2,0.0,False,-1.6,False
2025-01-02,2.2,9.0,-1.7,0.0,False,1.3000000000000003,False
2025-01-03,-0.0,2.9,-2.2,0.0,False,-2.2,False
2025-01-04,-0.4,4.7,-3.9,0.0,False,-0.4,False
2025-01-05,0.2,6.7,-5.2,0.8,False,0.6000000000000001,False
2025-01-06,1.4,8.4,-3.5,0.0,False,1.2,False
2025-01-07,-0.6,3.8,-4.1,0.0,False,-2.0,False
2025-01-08,0.4,6.1,-3.9,0.0,False,1.0,False
2025-01-09,-4.3,-1.4,-9.8,0.0,False,-4.7,False
2025-01-10,-6.1,-0.3,-10.6,0.0,False,-1.7999999999999998,False
2025-01-11,-2.7,2.0,-6.3,0.0,False,3.3999999999999995,False
2025-01-12,-1.4,3.8,-4.8,0.0,False,1.3000000000000003,False
2025-01-13,0.0,5.2,-3.1,0.0,False,1.4,False
2025-01-14,2.4,9.9,-3.8,0.0,False,2.4,False
2025-01-15,-0.8,1.7,-3.6,0.0,False,-3.2,False
2025-01-16,-0.9,5.5,-4.9,0.0,False,-0.09999999999999998,False
2025-01-17,0.0,6.6,-4.9,0.0,False,0.9,False
2025-01-18,1.6,9.6,-4.2,0.0,False,1.6,False
2025-01-19,2.3,9.8,-3.1,0.0,False,0.6999999999999997,False
2025-01-20,1.4,9.7,-3.9,0.0,False,-0.8999999999999999,False
2025-01-21,2.1,9.4,-2.6,0.0,False,0.7000000000000002,False
2025-01-22,2.9,10.2,-3.3,0.0,False,0.7999999999999998,False
2025-01-23,4.1,12.3,-2.6,0.0,False,1.1999999999999997,False
2025-01-24,4.6,11.1,-0.2,0.0,False,0.5,False
2025-01-25,4.9,8.5,2.2,0.1,False,0.3000000000000007,False
2025-01-26,4.5,7.5,2.0,0.0,False,-0.40000000000000036,False
2025-01-27,2.0,5.9,-1.5,5.7,False,-2.5,False
2025-01-28,-0.2,3.7,-2.7,0.0,False,-2.2,False
2025-01-29,-1.2,2.1,-3.3,0.0,False,-1.0,False
2025-01-30,-0.4,5.2,-4.5,0.0,False,0.7999999999999999,False
2025-01-31,1.8,8.5,-4.7,0.4,False,2.2,False
2025-02-01,3.9,5.0,2.5,15.3,False,2.0999999999999996,False
2025-02-02,4.4,9.8,-0.3,0.0,False,0.5000000000000004,False
2025-02-03,0.0,2.9,-4.0,0.0,False,-4.4,False
2025-02-04,-4.8,-1.2,-7.9,0.0,False,-4.8,False
2025-02-05,-3.9,1.4,-7.0,0.0,False,0.8999999999999999,False
2025-02-06,-3.2,1.7,-6.9,0.0,False,0.6999999999999997,False
2025-02-07,-3.1,3.5,-7.7,0.3,False,0.10000000000000009,False
2025-02-08,-5.2,0.2,-9.6,0.0,False,-2.1,False
2025-02-09,-2.8,3.2,-7.1,0.0,False,2.4000000000000004,False
2025-02-10,-1.4,4.0,-4.7,0.0,False,1.4,False
2025-02-11,0.9,7.6,-4.3,0.0,False,2.3,False
2025-02-12,2.6,6.2,-0.2,8.3,False,1.7000000000000002,False
2025-02-13,0.3,5.6,-4.2,0.0,False,-2.3000000000000003,False
2025-02-14,2.0,9.9,-3.4,0.0,False,1.7,False
2025-02-15,1.8,7.9,-3.4,0.0,False,-0.19999999999999996,False
2025-02-16,4.1,11.5,-2.9,0.0,False,2.3,False
2025-02-17,1.7,6.3,-2.4,0.0,False,-2.3999999999999995,False
2025-02-18,-1.0,3.0,-4.4,0.0,False,-2.7,False
2025-02-19,-1.0,4.5,-5.0,0.0,False,0.0,False
2025-02-20,-1.2,3.9,-4.9,0.0,False,-0.19999999999999996,False
2025-02-21,-1.2,3.8,-4.5,0.0,False,0.0,False
2025-02-22,-1.0,4.2,-4.9,0.0,False,0.19999999999999996,False
2025-02-23,-1.1,3.8,-4.6,0.0,False,-0.10000000000000009,False
2025-02-24,-0.9,5.4,-5.3,0.0,False,0.20000000000000007,False
2025-02-25,1.8,8.3,-4.4,0.0,False,2.7,False
2025-02-26,4.7,11.2,-1.2,0.0,False,2.9000000000000004,False
2025-02-27,5.1,12.5,-1.5,0.0,False,0.39999999999999947,False
2025-02-28,9.7,16.5,5.2,0.0,False,4.6,False
2025-03-01,8.9,14.5,1.7,0.7,False,-0.7999999999999989,False
2025-03-02,11.3,17.4,6.9,4.2,False,2.4000000000000004,False
2025-03-03,4.3,6.1,2.3,16.1,False,-7.000000000000001,True
2025-03-04,3.8,4.7,2.7,13.4,False,-0.5,False
2025-03-05,5.5,8.1,3.5,0.0,False,1.7000000000000002,False
2025-03-06,5.4,9.2,2.5,0.0,False,-0.09999999999999964,False
2025-03-07,4.5,8.4,-0.6,0.0,False,-0.9000000000000004,False
2025-03-08,6.3,9.6,3.6,0.8,False,1.7999999999999998,False
2025-03-09,5.5,12.5,-1.3,0.0,False,-0.7999999999999998,False
2025-03-10,6.7,12.4,1.5,0.0,False,1.2000000000000002,False
2025-03-11,7.8,15.4,0.3,0.0,False,1.0999999999999996,False
2025-03-12,10.0,17.3,2.9,0.0,False,2.2,False
2025-03-13,9.0,14.7,4.6,0.0,False,-1.0,False
2025-03-14,9.3,14.7,4.7,0.0,False,0.3000000000000007,False
2025-03-15,7.6,9.0,6.5,4.2,False,-1.700000000000001,False
2025-03-16,5.6,9.6,-0.2,6.0,False,-2.0,False
2025-03-17,2.9,9.0,-1.2,0.0,False,-2.6999999999999997,False
2025-03-18,2.7,6.6,-1.3,2.2,False,-0.19999999999999973,False
2025-03-19,2.9,8.2,-2.1,0.0,False,0.19999999999999973,False
2025-03-20,6.0,14.0,-2.2,0.1,False,3.1,False
2025-03-21,11.1,17.8,4.0,0.0,False,5.1,False
2025-03-22,13.7,22.7,4.6,0.0,False,2.5999999999999996,False
2025-03-23,15.3,24.3,6.6,0.0,False,1.6000000000000014,False
2025-03-24,14.8,20.6,11.5,0.1,False,-0.5,False
2025-03-25,15.1,22.1,7.8,0.0,False,0.29999999999999893,False
2025-03-26,15.0,20.2,7.7,0.5,False,-0.09999999999999964,False
2025-03-27,15.7,17.9,14.4,4.6,False,0.6999999999999993,False
2025-03-28,10.5,15.1,6.6,1.6,False,-5.199999999999999,False
2025-03-29,6.9,11.5,3.1,0.0,False,-3.5999999999999996,False
2025-03-30,4.0,10.7,-1.8,0.0,False,-2.9000000000000004,False
2025-03-31,5.7,12.9,-2.0,0.0,False,1.7000000000000002,False
2025-04-01,7.5,14.3,-1.0,0.0,False,1.7999999999999998,False
2025-04-02,9.1,16.5,3.3,2.0,False,1.5999999999999996,False
2025-04-03,8.2,15.3,1.1,0.8,False,-0.9000000000000004,False
2025-04-04,9.4,15.2,2.8,0.2,False,1.200000000000001,False
2025-04-05,10.2,14.3,5.5,0.8,False,0.7999999999999989,False
2025-04-06,12.0,19.4,3.9,0.0,False,1.8000000000000007,False
2025-04-07,13.3,20.7,5.2,0.0,False,1.3000000000000007,False
2025-04-08,16.8,25.0,11.2,0.0,False,3.5,False
2025-04-09,13.5,18.6,7.3,5.4,False,-3.3000000000000007,False
2025-04-10,15.7,21.8,10.8,0.0,False,2.1999999999999993,False
2025-04-11,14.6,21.3,8.2,0.0,False,-1.0999999999999996,False
2025-04-12,12.7,17.9,8.1,13.8,False,-1.9000000000000004,False
2025-04-13,9.4,13.3,4.5,26.5,False,-3.299999999999999,False
2025-04-14,8.2,13.1,4.3,6.0,False,-1.200000000000001,False
2025-04-15,8.9,15.7,3.1,0.0,False,0.7000000000000011,False
2025-04-16,12.4,18.9,4.7,0.0,False,3.5,False
2025-04-17,15.8,18.4,12.2,0.0,False,3.4000000000000004,False
2025-04-18,18.4,22.7,15.7,0.0,False,2.599999999999998,False
2025-04-19,18.0,21.1,15.8,1.6,False,-0.3999999999999986,False
2025-04-20,15.4,17.1,12.3,3.2,False,-2.5999999999999996,False
2025-04-21,14.8,19.9,11.0,0.0,False,-0.5999999999999996,False
2025-04-22,14.9,17.1,11.8,35.7,False,0.09999999999999964,False
2025-04-23,13.9,19.2,10.1,0.0,False,-1.0,False
2025-04-24,15.7,20.9,10.8,0.0,False,1.799999999999999,False
2025-04-25,13.8,18.5,9.6,0.0,False,-1.8999999999999986,False
2025-04-26,13.1,19.9,6.2,0.0,False,-0.7000000000000011,False
2025-04-27,16.0,23.0,9.2,0.0,False,2.9000000000000004,False
2025-04-28,17.3,23.4,12.7,0.0,False,1.3000000000000007,False
2025-04-29,13.1,18.3,7.4,0.0,False,-4.200000000000001,False
2025-04-30,15.1,22.0,8.1,0.0,False,2.0,False
2025-05-01,16.0,20.5,12.6,19.0,False,0.9000000000000004,False
2025-05-02,14.6,20.2,8.8,0.0,False,-1.4000000000000004,False
2025-05-03,13.0,15.3,10.1,12.0,False,-1.5999999999999996,False
2025-05-04,14.0,21.0,7.3,0.0,False,1.0,False
2025-05-05,13.3,18.3,8.2,5.5,False,-0.6999999999999993,False
2025-05-06,12.8,16.5,9.9,7.2,False,-0.5,False
2025-05-07,12.9,19.3,7.1,0.1,False,0.09999999999999964,False
2025-05-08,15.1,20.3,9.4,0.0,False,2.1999999999999993,False
2025-05-09,14.7,16.5,12.5,33.7,False,-0.40000000000000036,False
2025-05-10,15.5,19.0,12.4,0.0,False,0.8000000000000007,False
2025-05-11,14.2,18.1,11.2,0.6,False,-1.3000000000000007,False
2025-05-12,16.0,22.4,9.9,0.0,False,1.8000000000000007,False
2025-05-13,16.5,22.0,10.3,0.0,False,0.5,False
2025-05-14,17.1,21.9,11.8,0.0,False,0.6000000000000014,False
2025-05-15,18.5,21.3,16.1,1.8,False,1.3999999999999986,False
2025-05-16,18.2,21.2,16.8,57.4,False,-0.3000000000000007,False
2025-05-17,19.5,25.4,15.7,7.2,False,1.3000000000000007,False
2025-05-18,17.4,22.1,14.4,0.0,False,-2.1000000000000014,False
2025-05-19,17.4,21.5,12.0,0.0,False,0.0,False
2025-05-20,21.2,25.0,18.2,0.1,False,3.8000000000000007,False
2025-05-21,22.4,25.8,19.9,0.0,False,1.1999999999999993,False
2025-05-22,17.8,21.0,14.8,0.1,False,-4.599999999999998,False
2025-05-23,16.2,19.4,13.4,0.0,False,-1.6000000000000014,False
2025-05-24,14.2,15.7,12.7,11.5,False,-2.0,False
2025-05-25,15.4,20.3,12.0,0.6,False,1.200000000000001,False
2025-05-26,16.7,22.1,11.3,0.0,False,1.299999999999999,False
2025-05-27,17.8,23.6,11.1,0.1,False,1.1000000000000014,False
2025-05-28,19.0,25.0,12.5,0.0,False,1.1999999999999993,False
2025-05-29,18.7,25.0,13.5,0.7,False,-0.3000000000000007,False
2025-05-30,18.2,24.5,12.6,0.0,False,-0.5,False
2025-05-31,19.5,28.0,11.6,0.0,False,1.3000000000000007,False
2025-06-01,19.9,26.2,13.2,0.0,False,0.3999999999999986,False
2025-06-02,18.4,20.6,16.0,7.6,False,-1.5,False
2025-06-03,19.9,24.3,15.9,4.4,False,1.5,False
2025-06-04,21.0,26.8,14.1,0.0,False,1.1000000000000014,False
2025-06-05,20.9,27.6,14.9,0.0,False,-0.10000000000000142,False
2025-06-06,20.5,26.5,14.8,0.0,False,-0.3999999999999986,False
2025-06-07,21.7,27.6,15.6,0.0,False,1.1999999999999993,False
2025-06-08,22.8,29.3,19.1,0.0,False,1.1000000000000014,False
2025-06-09,21.4,26.2,17.5,0.0,False,-1.4000000000000021,False
2025-06-10,23.3,31.2,16.8,0.0,False,1.9000000000000021,False
2025-06-11,24.2,31.6,20.0,0.0,False,0.8999999999999986,False
2025-06-12,21.9,26.6,18.7,0.0,False,-2.3000000000000007,False
2025-06-13,20.4,26.4,17.8,6.1,False,-1.5,False
2025-06-14,21.4,22.9,18.7,60.4,False,1.0,False
2025-06-15,22.8,27.0,20.3,3.0,False,1.4000000000000021,False
2025-06-16,22.5,26.2,20.3,16.8,False,-0.3000000000000007,False
2025-06-17,22.2,25.5,19.7,0.0,False,-0.3000000000000007,False
2025-06-18,23.4,27.2,20.3,0.0,False,1.1999999999999993,False
2025-06-19,24.0,29.4,18.4,0.1,False,0.6000000000000014,False
2025-06-20,23.3,24.8,21.8,4.4,False,-0.6999999999999993,False
2025-06-21,23.2,24.8,21.9,16.4,False,-0.10000000000000142,False
2025-06-22,21.7,27.5,18.5,25.6,False,-1.5,False
2025-06-23,23.2,28.4,18.4,0.0,False,1.5,False
2025-06-24,20.4,22.1,18.8,20.7,False,-2.8000000000000007,False
2025-06-25,22.0,24.8,19.8,8.2,False,1.6000000000000014,False
2025-06-26,22.9,28.9,18.0,0.0,False,0.8999999999999986,False
2025-06-27,24.9,30.4,20.1,0.0,False,2.0,False
2025-06-28,25.9,30.2,21.6,0.0,False,1.0,False
2025-06-29,26.4,30.9,22.9,0.0,False,0.5,False
2025-06-30,26.8,31.1,22.5,0.0,False,0.40000000000000213,False
2025-07-01,27.1,31.4,22.9,0.0,False,0.3000000000000007,False
2025-07-02,28.9,33.9,24.3,0.0,False,1.7999999999999972,False
2025-07-03,29.2,33.9,24.4,0.0,False,0.3000000000000007,False
2025-07-04,28.4,33.8,24.3,0.0,False,-0.8000000000000007,False
2025-07-05,28.6,34.7,24.3,0.0,False,0.20000000000000284,False
2025-07-06,29.4,37.1,24.1,0.0,False,0.7999999999999972,False
2025-07-07,30.4,36.5,25.5,0.0,False,1.0,False
2025-07-08,29.1,34.1,25.2,0.0,False,-1.2999999999999972,False
2025-07-09,27.7,32.3,24.2,0.0,False,-1.4000000000000021,False
2025-07-10,27.2,32.0,24.0,0.3,False,-0.5,False
2025-07-11,26.3,30.2,23.5,0.0,False,-0.8999999999999986,False
2025-07-12,25.9,30.0,22.6,0.0,False,-0.40000000000000213,False
2025-07-13,26.2,31.9,22.5,29.3,False,0.3000000000000007,False
2025-07-14,23.9,28.8,21.3,34.6,False,-2.3000000000000007,False
2025-07-15,23.5,27.3,20.0,3.1,False,-0.3999999999999986,False
2025-07-16,24.4,26.8,21.8,4.8,False,0.8999999999999986,False
2025-07-17,25.1,28.0,22.0,20.5,False,0.7000000000000028,False
2025-07-18,24.0,26.4,21.9,26.2,False,-1.1000000000000014,False
2025-07-19,24.2,26.4,23.2,26.7,False,0.1999999999999993,False
2025-07-20,26.8,30.6,22.9,0.0,False,2.6000000000000014,False
2025-07-21,26.8,29.5,24.0,1.8,False,0.0,False
2025-07-22,27.7,31.9,23.7,0.5,False,0.8999999999999986,False
2025-07-23,27.9,32.6,23.7,0.4,False,0.1999999999999993,False
2025-07-24,27.4,32.1,22.0,0.0,False,-0.5,False
2025-07-25,28.3,31.9,25.1,0.0,False,0.9000000000000021,False
2025-07-26,29.1,33.0,25.6,0.0,False,0.8000000000000007,False
2025-07-27,29.6,33.1,26.6,0.0,False,0.5,False
2025-07-28,29.8,34.5,24.6,0.0,False,0.1999999999999993,False
2025-07-29,29.1,34.3,24.1,0.0,False,-0.6999999999999993,False
2025-07-30,28.8,33.3,24.6,0.0,False,-0.3000000000000007,False
2025-07-31,28.9,33.7,24.4,0.0,False,0.09999999999999787,False
2025-08-01,28.9,35.0,24.1,0.8,False,0.0,False
2025-08-02,29.5,35.4,24.1,0.9,False,0.6000000000000014,False
2025-08-03,28.5,32.1,25.5,2.0,False,-1.0,False
2025-08-04,28.0,30.7,25.6,12.6,False,-0.5,False
2025-08-05,28.0,30.5,25.7,4.4,False,0.0,False
2025-08-06,28.1,31.2,26.1,4.0,False,0.10000000000000142,False
2025-08-07,28.7,32.5,25.4,1.7,False,0.5999999999999979,False
2025-08-08,26.2,30.2,22.8,0.4,False,-2.5,False
2025-08-09,24.4,29.5,21.4,26.3,False,-1.8000000000000007,False
2025-08-10,23.5,27.5,21.5,69.8,False,-0.8999999999999986,False
2025-08-11,23.7,28.7,20.1,45.2,False,0.1999999999999993,False
2025-08-12,22.3,23.7,21.0,35.6,False,-1.3999999999999986,False
2025-08-13,26.4,29.9,23.0,1.6,False,4.099999999999998,False
2025-08-14,27.3,30.7,24.0,2.0,False,0.9000000000000021,False
2025-08-15,28.4,32.7,24.5,0.4,False,1.0999999999999979,False
2025-08-16,28.6,32.3,25.0,0.1,False,0.20000000000000284,False
2025-08-17,28.1,33.2,23.7,0.0,False,-0.5,False
2025-08-18,27.8,32.5,23.9,0.2,False,-0.3000000000000007,False
2025-08-19,28.0,31.6,24.9,0.0,False,0.1999999999999993,False
2025-08-20,28.1,31.8,24.5,0.9,False,0.10000000000000142,False
2025-08-21,28.9,34.0,23.9,0.8,False,0.7999999999999972,False
2025-08-22,29.4,33.5,25.0,0.9,False,0.5,False
2025-08-23,30.0,35.5,25.8,0.0,False,0.6000000000000014,False
2025-08-24,29.5,35.0,24.9,0.6,False,-0.5,False
2025-08-25,29.1,33.6,25.3,0.0,False,-0.3999999999999986,False
2025-08-26,28.6,32.2,25.4,0.6,False,-0.5,False
2025-08-27,27.7,31.6,24.6,2.9,False,-0.9000000000000021,False
2025-08-28,27.9,32.1,23.9,0.2,False,0.1999999999999993,False
2025-08-29,28.8,33.7,24.2,0.1,False,0.9000000000000021,False
2025-08-30,29.8,34.9,25.0,0.0,False,1.0,False
2025-08-31,26.4,31.9,24.0,20.4,False,-3.400000000000002,False
2025-09-01,25.9,28.1,24.0,14.8,False,-0.5,False
2025-09-02,26.5,29.6,22.7,14.4,False,0.6000000000000014,False
2025-09-03,25.9,30.4,22.2,0.8,False,-0.6000000000000014,False
2025-09-04,26.7,31.1,24.0,0.3,False,0.8000000000000007,False
2025-09-05,26.6,31.8,23.5,0.5,False,-0.09999999999999787,False
2025-09-06,26.9,30.9,22.6,1.6,False,0.29999999999999716,False
2025-09-07,28.2,32.5,25.7,4.5,False,1.3000000000000007,False
2025-09-08,26.8,31.2,23.5,0.2,False,-1.3999999999999986,False
2025-09-09,22.9,26.9,20.0,15.0,False,-3.900000000000002,False
2025-09-10,23.2,27.6,20.1,21.3,False,0.3000000000000007,False
2025-09-11,23.9,27.2,21.0,0.0,False,0.6999999999999993,False
2025-09-12,24.2,27.0,22.8,0.8,False,0.3000000000000007,False
2025-09-13,25.1,28.2,21.9,6.1,False,0.9000000000000021,False
2025-09-14,24.3,27.7,21.0,0.9,False,-0.8000000000000007,False
2025-09-15,25.8,30.2,22.9,5.0,False,1.5,False
2025-09-16,26.4,30.3,22.8,1.0,False,0.5999999999999979,False
2025-09-17,26.6,30.8,24.1,0.8,False,0.20000000000000284,False
2025-09-18,22.7,24.8,20.9,0.8,False,-3.900000000000002,False
2025-09-19,22.2,24.8,20.3,0.0,False,-0.5,False
2025-09-20,23.6,27.6,20.3,8.0,False,1.4000000000000021,False
2025-09-21,21.0,25.1,17.9,0.0,False,-2.6000000000000014,False
2025-09-22,21.2,24.4,18.8,0.3,False,0.1999999999999993,False
2025-09-23,21.6,24.7,18.6,0.0,False,0.40000000000000213,False
2025-09-24,24.2,28.2,20.9,1.8,False,2.599999999999998,False
2025-09-25,23.1,24.9,21.7,12.6,False,-1.0999999999999979,False
2025-09-26,23.5,27.7,20.3,0.0,False,0.3999999999999986,False
2025-09-27,22.5,26.6,19.8,0.3,False,-1.0,False
2025-09-28,22.7,25.4,19.3,2.1,False,0.1999999999999993,False
2025-09-29,21.2,25.8,18.6,0.0,False,-1.5,False
2025-09-30,19.6,23.0,16.2,0.1,False,-1.5999999999999979,False
2025-10-01,20.8,27.2,15.2,0.0,False,1.1999999999999993,False
2025-10-02,20.8,26.0,16.7,0.6,False,0.0,False
2025-10-03,19.1,20.1,18.2,58.9,False,-1.6999999999999993,False
2025-10-04,21.6,26.1,19.2,11.2,False,2.5,False
2025-10-05,21.9,26.1,18.5,1.6,False,0.29999999999999716,False
2025-10-06,21.0,22.0,20.3,7.2,False,-0.8999999999999986,False
2025-10-07,22.3,25.6,20.0,2.5,False,1.3000000000000007,False
2025-10-08,21.9,24.8,20.1,0.0,False,-0.40000000000000213,False
2025-10-09,20.6,23.1,19.1,0.0,False,-1.2999999999999972,False
2025-10-10,20.6,24.1,17.4,0.0,False,0.0,False
2025-10-11,21.7,27.3,17.5,0.0,False,1.0999999999999979,False
2025-10-12,20.8,26.5,17.6,2.2,False,-0.8999999999999986,False
2025-10-13,20.4,23.8,17.7,2.6,False,-0.40000000000000213,False
2025-10-14,18.9,20.2,17.5,25.3,False,-1.5,False
2025-10-15,20.5,23.7,18.2,0.0,False,1.6000000000000014,False
2025-10-16,20.8,25.4,18.3,32.8,False,0.3000000000000007,False
2025-10-17,20.3,23.2,18.1,0.1,False,-0.5,False
2025-10-18,20.2,24.0,17.4,9.9,False,-0.10000000000000142,False
2025-10-19,17.6,19.8,15.8,0.3,False,-2.599999999999998,False
2025-10-20,16.0,19.9,13.2,0.0,False,-1.6000000000000014,False
2025-10-21,14.8,16.9,13.3,0.0,False,-1.1999999999999993,False
2025-10-22,16.0,20.1,13.7,2.0,False,1.1999999999999993,False
2025-10-23,16.2,19.9,13.6,0.6,False,0.1999999999999993,False
2025-10-24,15.6,19.1,12.8,1.4,False,-0.5999999999999996,False
2025-10-25,16.6,21.7,13.8,0.2,False,1.0000000000000018,False
2025-10-26,14.5,18.1,11.8,0.4,False,-2.1000000000000014,False
2025-10-27,10.0,13.6,6.3,0.0,False,-4.5,False
2025-10-28,7.9,13.9,3.7,0.0,False,-2.0999999999999996,False
2025-10-29,9.4,16.1,3.4,0.0,False,1.5,False
2025-10-30,12.0,18.2,6.0,0.0,False,2.5999999999999996,False
2025-10-31,13.1,19.2,8.8,0.0,False,1.0999999999999996,False
2025-11-01,12.6,17.8,7.6,0.0,False,-0.5,False
2025-11-02,11.2,16.5,7.2,0.0,False,-1.4000000000000004,False
2025-11-03,9.3,14.9,2.8,0.0,False,-1.8999999999999986,False
2025-11-04,12.6,18.4,8.0,0.0,False,3.299999999999999,False
2025-11-05,12.6,19.3,6.6,0.0,False,0.0,False
2025-11-06,13.8,20.5,8.2,0.0,False,1.200000000000001,False
2025-11-07,14.5,19.3,9.6,0.0,False,0.6999999999999993,False
2025-11-08,15.3,18.0,12.9,5.9,False,0.8000000000000007,False
2025-11-09,14.4,19.3,10.5,20.3,False,-0.9000000000000004,False
2025-11-10,9.8,14.0,5.0,0.0,False,-4.6,False
2025-11-11,8.8,15.4,3.8,0.0,False,-1.0,False
2025-11-12,10.6,16.9,5.4,0.0,False,1.799999999999999,False
2025-11-13,10.9,17.6,6.3,0.0,False,0.3000000000000007,False
2025-11-14,9.8,17.0,3.8,0.0,False,-1.0999999999999996,False
2025-11-15,9.4,16.5,2.9,0.0,False,-0.40000000000000036,False
2025-11-16,10.6,17.6,4.3,0.0,False,1.1999999999999993,False
2025-11-17,7.8,11.7,3.2,0.0,False,-2.8,False
2025-11-18,3.2,7.7,0.3,0.0,False,-4.6,False
2025-11-19,3.1,8.9,-1.0,0.0,False,-0.10000000000000009,False
2025-11-20,5.8,13.1,-0.8,0.0,False,2.6999999999999997,False
2025-11-21,6.7,11.9,2.9,0.0,False,0.9000000000000004,False
2025-11-22,6.5,13.6,0.8,0.0,False,-0.20000000000000018,False
2025-11-23,6.8,14.4,-0.6,0.0,False,0.2999999999999998,False
2025-11-24,10.1,16.6,5.1,0.0,False,3.3,False
2025-11-25,7.7,12.9,3.6,0.8,False,-2.3999999999999995,False
2025-11-26,7.6,13.2,3.2,0.0,False,-0.10000000000000053,False
2025-11-27,8.8,14.0,6.3,1.0,False,1.200000000000001,False
2025-11-28,5.0,9.5,0.2,0.0,False,-3.8000000000000007,False
2025-11-29,4.9,12.4,-2.9,0.0,False,-0.09999999999999964,False
2025-11-30,11.8,18.3,5.2,0.0,False,6.9,True
2025-12-01,10.0,14.9,3.5,0.0,False,-1.8000000000000007,False
2025-12-02,5.4,10.6,1.6,0.0,False,-4.6,False
2025-12-03,0.4,4.9,-3.2,0.0,False,-5.0,False
2025-12-04,-0.7,5.2,-4.2,0.0,False,-1.1,False
2025-12-05,0.8,4.9,-3.1,0.0,False,1.5,False
2025-12-06,1.3,7.9,-4.7,0.0,False,0.5,False
2025-12-07,6.5,13.1,-1.2,0.0,False,5.2,False
2025-12-08,6.2,9.8,1.6,0.0,False,-0.2999999999999998,False
2025-12-09,2.5,8.4,-1.8,0.0,False,-3.7,False
2025-12-10,3.4,10.2,-1.5,0.0,False,0.8999999999999999,False
2025-12-11,8.0,16.0,3.4,1.4,False,4.6,False
2025-12-12,4.9,7.6,0.9,0.1,False,-3.0999999999999996,False
2025-12-13,7.5,12.1,3.7,5.6,False,2.5999999999999996,False
2025-12-14,3.0,6.5,0.3,0.0,False,-4.5,False
2025-12-15,2.2,7.8,-1.9,0.0,False,-0.7999999999999998,False
2025-12-16,3.6,10.2,-3.3,0.0,False,1.4,False
2025-12-17,6.4,11.2,2.8,0.0,False,2.8000000000000003,False
2025-12-18,3.5,10.9,-1.2,0.0,False,-2.9000000000000004,False
2025-12-19,7.0,14.6,0.1,0.0,False,3.5,False
2025-12-20,10.9,16.4,5.4,1.7,False,3.9000000000000004,False
2025-12-21,3.4,11.1,-1.7,0.0,False,-7.5,True
2025-12-22,2.1,9.6,-4.1,0.0,False,-1.2999999999999998,False
2025-12-23,4.8,12.7,-1.2,1.1,False,2.6999999999999997,False
2025-12-24,7.2,9.1,6.1,17.8,False,2.4000000000000004,False
2025-12-25,1.9,6.1,-3.7,0.0,False,-5.300000000000001,False
2025-12-26,-4.9,-1.7,-8.8,0.0,False,-6.800000000000001,True
2025-12-27,-1.5,4.3,-5.9,0.0,False,3.4000000000000004,False
2025-12-28,1.6,8.3,-3.8,0.0,False,3.1,False
2025-12-29,5.5,11.8,0.3,0.1,False,3.9,False
2025-12-30,2.7,7.5,-1.1,0.0,False,-2.8,False
2025-12-31,-1.3,1.8,-4.5,0.0,False,-4.0,False
